season,date,visiting_team,home_team,visiting_team_score,home_team_score,spread_open,spread_close,total_open,total_close,spread_result_home_team,total_result
2007_08,2007-10-30,Portland,SanAntonio,97,106,-12.5,-13.0,184.0,189.5,loss,over
2007_08,2007-10-30,Utah,GoldenState,117,96,-3.0,-1.0,214.5,212.0,loss,over
2007_08,2007-10-30,Houston,LALakers,95,93,2.5,5.0,191.0,199.0,loss,under
2007_08,2007-10-31,Philadelphia,Toronto,97,106,-6.5,-6.5,190.0,191.0,win,over
2007_08,2007-10-31,Washington,Indiana,110,119,-1.5,1.5,200.0,203.5,loss,over
2007_08,2007-10-31,Milwaukee,Orlando,83,102,-8.0,-6.5,198.5,197.0,win,under
2007_08,2007-10-31,Chicago,NewJersey,103,112,-2.0,-1.5,188.0,186.0,win,over
2007_08,2007-10-31,Dallas,Cleveland,92,74,3.0,2.5,186.0,184.0,win,under
2007_08,2007-10-31,SanAntonio,Memphis,104,101,7.0,6.5,198.0,201.0,loss,over
2007_08,2007-10-31,Sacramento,NewOrleans,90,104,-10.0,-9.5,193.0,190.5,win,over
2007_08,2007-10-31,Seattle,Denver,103,120,-10.5,-11.5,213.0,217.5,win,over
2007_08,2007-11-01,Detroit,Miami,91,80,4.0,4.0,181.0,178.5,win,under
2007_08,2007-11-01,Houston,Utah,106,95,-3.5,-3.0,191.0,193.0,loss,over
2007_08,2007-11-01,Phoenix,Seattle,106,99,9.0,12.0,223.0,224.5,loss,under
2007_08,2007-11-02,Milwaukee,Charlotte,99,102,-2.5,-4.0,200.0,196.5,loss,over
2007_08,2007-11-02,Detroit,Orlando,116,92,-2.5,-4.0,184.0,183.5,loss,over
2007_08,2007-11-02,Miami,Indiana,85,87,-6.5,-6.5,186.5,192.0,loss,under
2007_08,2007-11-02,Toronto,NewJersey,106,69,-5.0,-4.0,192.5,193.5,loss,under
2007_08,2007-11-02,Dallas,Atlanta,94,101,6.0,5.5,192.0,191.0,loss,over
2007_08,2007-11-02,NewYork,Cleveland,106,110,-7.5,-6.0,186.5,186.0,loss,over
2007_08,2007-11-02,Washington,Boston,83,103,-6.0,-7.5,208.0,205.5,win,under
2007_08,2007-11-02,Portland,NewOrleans,93,113,-8.0,-7.5,192.0,203.0,win,over
2007_08,2007-11-02,Denver,Minnesota,99,91,8.5,7.5,209.0,208.5,win,under
2007_08,2007-11-02,Philadelphia,Chicago,96,85,-9.5,-9.5,189.0,190.0,loss,under
2007_08,2007-11-02,Sacramento,SanAntonio,80,96,-14.5,-14.5,190.5,191.0,win,under
2007_08,2007-11-02,LALakers,Phoenix,119,98,-10.0,-8.0,217.0,215.5,loss,over
2007_08,2007-11-02,GoldenState,LAClippers,114,120,-2.0,-1.5,209.0,211.0,win,over
2007_08,2007-11-03,NewJersey,Philadelphia,93,88,2.5,3.0,186.5,186.5,win,under
2007_08,2007-11-03,Orlando,Washington,94,82,-2.0,-1.0,199.0,197.5,loss,under
2007_08,2007-11-03,Indiana,Memphis,121,111,-4.5,-5.5,211.5,211.5,loss,over
2007_08,2007-11-03,Chicago,Milwaukee,72,78,2.5,4.0,193.5,193.0,loss,under
2007_08,2007-11-03,Portland,Houston,80,89,-12.0,-11.5,203.5,203.0,loss,under
2007_08,2007-11-03,Sacramento,Dallas,102,123,-14.5,-15.5,189.5,189.0,win,over
2007_08,2007-11-03,GoldenState,Utah,110,133,-8.5,-9.5,212.5,215.5,win,over
2007_08,2007-11-04,Boston,Toronto,98,95,-2.0,-1.5,192.0,194.0,loss,under
2007_08,2007-11-04,Seattle,LAClippers,101,115,-6.0,-6.5,209.5,208.0,win,over
2007_08,2007-11-04,Minnesota,NewYork,93,97,-10.0,-9.0,192.5,193.0,loss,under
2007_08,2007-11-04,Charlotte,Miami,90,88,-3.0,-3.5,186.0,186.5,loss,under
2007_08,2007-11-04,Atlanta,Detroit,91,92,-8.5,-8.0,188.5,191.0,loss,under
2007_08,2007-11-04,NewOrleans,Denver,93,88,-6.5,-5.0,216.0,214.5,loss,under
2007_08,2007-11-04,Cleveland,Phoenix,92,103,-8.0,-7.5,208.5,205.0,win,under
2007_08,2007-11-04,Utah,LALakers,109,119,2.0,-1.0,202.0,205.5,win,over
2007_08,2007-11-05,Houston,Dallas,98,107,-5.0,-4.5,190.0,189.5,win,over
2007_08,2007-11-06,Phoenix,Charlotte,115,83,4.0,4.0,210.0,207.0,win,under
2007_08,2007-11-06,Atlanta,NewJersey,82,87,-4.5,-4.0,190.5,188.5,win,under
2007_08,2007-11-06,Denver,NewYork,112,119,2.5,3.0,213.0,211.0,loss,over
2007_08,2007-11-06,Orlando,Minnesota,111,103,7.0,6.5,190.0,186.5,win,over
2007_08,2007-11-06,Toronto,Milwaukee,85,112,-0.0,3.0,191.0,190.0,loss,over
2007_08,2007-11-06,SanAntonio,Houston,81,89,-0.0,2.0,185.0,183.5,loss,under
2007_08,2007-11-06,LAClippers,Chicago,97,91,-7.0,-8.5,193.0,193.0,loss,under
2007_08,2007-11-06,Seattle,Sacramento,98,104,-3.0,-2.0,204.0,208.0,win,under
2007_08,2007-11-06,Cleveland,GoldenState,108,104,1.0,-2.0,209.0,209.5,loss,over
2007_08,2007-11-06,NewOrleans,LALakers,118,104,-3.5,-3.0,207.0,205.5,loss,over
2007_08,2007-11-07,Orlando,Toronto,105,96,-3.0,-4.0,186.5,191.5,loss,over
2007_08,2007-11-07,Phoenix,Atlanta,96,105,5.5,5.0,208.5,207.0,loss,under
2007_08,2007-11-07,LAClippers,Indiana,104,89,-5.0,-6.5,200.5,207.5,loss,under
2007_08,2007-11-07,Charlotte,Philadelphia,63,94,-3.5,-4.0,190.0,189.0,win,under
2007_08,2007-11-07,Denver,Boston,93,119,-5.5,-6.5,203.0,202.5,win,over
2007_08,2007-11-07,Miami,SanAntonio,78,88,-10.5,-11.5,185.5,180.5,loss,under
2007_08,2007-11-07,Cleveland,Utah,101,103,-8.0,-9.0,196.0,194.5,loss,over
2007_08,2007-11-07,Memphis,Seattle,105,98,-1.5,-0.0,219.5,218.5,win,under
2007_08,2007-11-07,NewOrleans,Portland,90,93,2.5,2.5,202.0,201.5,loss,under
2007_08,2007-11-08,Washington,NewJersey,85,87,-6.0,-6.0,194.0,190.0,loss,under
2007_08,2007-11-08,Detroit,Chicago,93,97,-1.5,-1.0,184.0,182.0,win,over
2007_08,2007-11-08,Dallas,GoldenState,120,115,7.5,7.5,213.5,216.0,loss,over
2007_08,2007-11-09,Toronto,Philadelphia,105,103,-1.0,2.0,188.0,187.5,loss,over
2007_08,2007-11-09,Indiana,Charlotte,87,96,-3.0,-1.5,194.5,195.0,win,under
2007_08,2007-11-09,Atlanta,Boston,83,106,-7.0,-8.5,194.0,193.0,win,under
2007_08,2007-11-09,Orlando,NewYork,112,102,1.0,-1.0,198.5,201.5,loss,over
2007_08,2007-11-09,Phoenix,Miami,106,101,8.5,8.0,201.0,195.5,loss,over
2007_08,2007-11-09,LAClippers,Detroit,79,103,-7.5,-8.0,192.0,191.5,win,under
2007_08,2007-11-09,SanAntonio,NewOrleans,97,85,3.5,3.5,188.0,186.0,win,under
2007_08,2007-11-09,Denver,Washington,118,92,3.0,2.0,210.5,209.5,win,over
2007_08,2007-11-09,Milwaukee,Houston,88,104,-9.5,-9.0,191.0,188.5,win,over
2007_08,2007-11-09,Memphis,Portland,98,110,-1.0,-2.5,208.0,208.5,win,under
2007_08,2007-11-09,Utah,Seattle,103,101,7.0,6.5,210.5,211.5,loss,under
2007_08,2007-11-09,Minnesota,LALakers,93,107,-11.0,-11.0,201.0,204.0,win,under
2007_08,2007-11-09,Cleveland,Sacramento,93,91,6.5,5.5,194.5,192.5,loss,under
2007_08,2007-11-10,Denver,Indiana,113,106,-0.0,1.5,210.5,212.0,win,over
2007_08,2007-11-10,Phoenix,Orlando,106,96,-0.0,1.5,205.5,209.0,win,under
2007_08,2007-11-10,Boston,NewJersey,112,101,-2.0,3.0,186.0,182.5,win,over
2007_08,2007-11-10,Toronto,Chicago,101,71,-5.5,-6.5,191.0,189.5,loss,under
2007_08,2007-11-10,Memphis,Utah,94,118,-11.0,-10.0,219.0,216.0,win,under
2007_08,2007-11-10,Minnesota,Sacramento,93,100,-4.5,-4.5,193.5,193.0,win,under
2007_08,2007-11-10,Dallas,Portland,82,91,8.0,7.5,202.5,201.5,loss,under
2007_08,2007-11-11,Washington,Atlanta,101,90,-5.0,-5.5,195.5,192.5,loss,under
2007_08,2007-11-11,Houston,Charlotte,85,82,5.5,6.5,187.5,186.0,loss,under
2007_08,2007-11-11,NewOrleans,Philadelphia,93,72,2.0,3.0,192.5,190.5,win,under
2007_08,2007-11-11,Miami,NewYork,75,72,-4.0,-3.0,196.0,192.0,loss,under
2007_08,2007-11-11,Milwaukee,SanAntonio,88,113,-10.5,-10.5,185.0,186.5,win,over
2007_08,2007-11-11,Detroit,Seattle,107,103,6.5,6.5,199.0,196.0,loss,over
2007_08,2007-11-11,Cleveland,LAClippers,103,95,-0.0,1.0,196.0,192.0,win,over
2007_08,2007-11-12,NewOrleans,NewJersey,84,82,-2.0,2.0,189.0,184.5,loss,under
2007_08,2007-11-12,Cleveland,Denver,100,122,-6.5,-7.5,205.5,208.0,win,over
2007_08,2007-11-12,Sacramento,Utah,93,117,-13.5,-14.0,204.5,206.0,win,over
2007_08,2007-11-13,Seattle,Orlando,76,103,-10.5,-10.5,209.5,209.0,win,under
2007_08,2007-11-13,Miami,Charlotte,76,91,-2.0,-1.5,181.0,178.0,win,under
2007_08,2007-11-13,Boston,Indiana,101,86,6.0,7.0,197.5,198.0,win,under
2007_08,2007-11-13,Houston,Memphis,99,105,6.5,6.5,198.5,201.5,loss,over
2007_08,2007-11-13,Philadelphia,Dallas,84,99,-12.0,-11.0,190.5,192.5,win,under
2007_08,2007-11-13,LALakers,SanAntonio,92,107,-8.5,-8.0,198.5,199.0,win,under
2007_08,2007-11-13,NewYork,Phoenix,102,113,-11.0,-13.0,207.0,210.5,loss,over
2007_08,2007-11-13,Detroit,Portland,94,102,4.5,5.0,189.0,190.0,loss,over
2007_08,2007-11-14,Indiana,Washington,90,103,-6.0,-5.5,201.5,200.5,win,under
2007_08,2007-11-14,Orlando,Cleveland,117,116,-4.5,-3.0,194.5,190.5,loss,over
2007_08,2007-11-14,Utah,Toronto,92,88,-1.0,-0.0,203.0,204.0,win,under
2007_08,2007-11-14,Charlotte,Atlanta,109,117,-5.0,-5.5,187.5,188.0,win,over
2007_08,2007-11-14,Seattle,Miami,104,95,-6.0,-7.0,193.5,191.5,loss,over
2007_08,2007-11-14,NewJersey,Boston,69,91,-9.5,-10.0,184.5,181.0,win,under
2007_08,2007-11-14,Sacramento,Minnesota,103,108,-3.0,-2.0,194.0,190.5,win,over
2007_08,2007-11-14,Memphis,Milwaukee,99,102,-6.0,-6.5,205.0,206.5,loss,under
2007_08,2007-11-14,Philadelphia,NewOrleans,76,95,-8.5,-8.5,187.5,187.5,win,under
2007_08,2007-11-14,Portland,Denver,93,110,-10.0,-11.0,211.5,212.0,win,under
2007_08,2007-11-14,LALakers,Houston,93,90,-7.5,-6.5,199.0,199.5,loss,under
2007_08,2007-11-14,NewYork,LAClippers,81,84,-7.0,-7.5,200.0,200.5,loss,under
2007_08,2007-11-14,Detroit,GoldenState,111,104,3.0,1.0,207.0,211.0,win,over
2007_08,2007-11-15,SanAntonio,Dallas,92,105,-3.0,-1.5,186.5,189.5,win,over
2007_08,2007-11-15,Chicago,Phoenix,102,112,-7.5,-8.5,203.0,204.0,win,over
2007_08,2007-11-16,Portland,Philadelphia,88,92,-3.0,-3.0,186.0,184.0,win,under
2007_08,2007-11-16,Indiana,Toronto,101,110,-8.5,-7.5,193.5,195.5,win,over
2007_08,2007-11-16,Miami,Boston,91,92,-10.5,-10.0,184.0,183.0,loss,under
2007_08,2007-11-16,Orlando,NewJersey,95,70,3.5,3.5,184.0,186.0,win,under
2007_08,2007-11-16,Utah,Cleveland,94,99,2.0,-1.5,203.0,199.5,win,under
2007_08,2007-11-16,Seattle,Atlanta,126,123,-7.5,-6.0,206.0,204.5,loss,over
2007_08,2007-11-16,Houston,SanAntonio,84,90,-8.5,-9.0,181.0,177.5,loss,under
2007_08,2007-11-16,NewOrleans,Memphis,120,118,3.5,3.0,202.0,204.5,loss,over
2007_08,2007-11-16,Washington,Minnesota,105,89,2.5,3.5,194.5,191.5,win,over
2007_08,2007-11-16,NewYork,Sacramento,115,119,-3.0,-3.5,199.0,198.5,win,over
2007_08,2007-11-16,Detroit,LALakers,91,103,-3.5,-4.0,201.0,198.5,win,under
2007_08,2007-11-16,LAClippers,GoldenState,105,122,-3.5,-5.5,216.0,219.5,win,over
2007_08,2007-11-17,Portland,Washington,90,109,-5.5,-4.5,195.0,190.0,win,over
2007_08,2007-11-17,Seattle,Charlotte,84,100,-7.5,-8.0,196.5,199.5,win,under
2007_08,2007-11-17,Utah,Indiana,97,117,6.0,5.0,203.0,204.5,loss,over
2007_08,2007-11-17,Miami,NewJersey,91,87,-2.0,3.0,180.0,174.0,win,over
2007_08,2007-11-17,NewOrleans,Minnesota,100,82,5.5,4.0,190.0,188.0,win,under
2007_08,2007-11-17,Atlanta,Milwaukee,96,105,-8.0,-7.5,198.5,196.5,win,over
2007_08,2007-11-17,Memphis,Dallas,105,108,-12.5,-14.0,210.0,213.0,loss,under
2007_08,2007-11-17,Phoenix,Houston,115,105,4.5,5.5,198.0,196.0,win,over
2007_08,2007-11-17,NewYork,Denver,83,115,-12.5,-14.0,216.0,213.5,win,under
2007_08,2007-11-17,Chicago,LAClippers,92,73,1.5,3.0,191.0,187.0,win,under
2007_08,2007-11-18,GoldenState,Toronto,106,100,-5.0,-6.5,217.5,219.5,loss,under
2007_08,2007-11-18,Boston,Orlando,102,104,-0.0,1.0,189.0,187.5,loss,over
2007_08,2007-11-18,Detroit,Sacramento,95,105,5.0,4.5,193.0,195.5,loss,over
2007_08,2007-11-18,Chicago,LALakers,78,106,-4.5,-5.5,195.5,198.0,win,under
2007_08,2007-11-19,Portland,Charlotte,92,101,-5.0,-5.5,187.0,190.5,win,over
2007_08,2007-11-19,Seattle,Memphis,108,125,-6.0,-5.5,218.0,218.5,win,over
2007_08,2007-11-19,Orlando,NewOrleans,95,88,-0.0,-1.0,188.0,186.0,loss,under
2007_08,2007-11-19,NewJersey,Utah,75,102,-11.0,-11.0,190.5,191.0,win,under
2007_08,2007-11-20,Philadelphia,Washington,101,116,-6.0,-5.0,191.0,183.5,win,over
2007_08,2007-11-20,Milwaukee,Cleveland,111,107,-6.5,-6.5,194.5,193.5,loss,over
2007_08,2007-11-20,LALakers,Indiana,134,114,2.0,1.5,207.0,207.5,win,over
2007_08,2007-11-20,SanAntonio,Atlanta,95,83,5.5,6.0,190.5,190.0,win,under
2007_08,2007-11-20,GoldenState,NewYork,108,82,-0.0,1.0,219.0,220.0,win,under
2007_08,2007-11-20,Toronto,Dallas,99,105,-9.5,-8.5,196.5,197.0,loss,over
2007_08,2007-11-20,Chicago,Denver,91,112,-6.0,-8.5,203.5,201.5,win,over
2007_08,2007-11-20,Phoenix,Sacramento,100,98,6.5,7.5,212.0,218.0,loss,under
2007_08,2007-11-21,Washington,Charlotte,114,111,-4.5,-7.0,192.0,192.5,loss,over
2007_08,2007-11-21,GoldenState,Boston,82,105,-9.0,-11.0,214.0,214.0,win,under
2007_08,2007-11-21,Dallas,Houston,100,94,-1.5,-2.5,193.5,190.0,loss,over
2007_08,2007-11-21,Atlanta,Miami,82,79,-7.5,-8.0,190.0,187.5,loss,under
2007_08,2007-11-21,Indiana,NewOrleans,105,93,-7.0,-7.5,196.0,199.0,loss,under
2007_08,2007-11-21,Toronto,Memphis,95,89,-1.0,-4.0,212.0,211.5,loss,under
2007_08,2007-11-21,Cleveland,Minnesota,97,86,4.5,5.0,193.0,191.5,win,under
2007_08,2007-11-21,LALakers,Milwaukee,103,110,-0.0,2.0,203.0,208.0,loss,over
2007_08,2007-11-21,NewYork,Detroit,86,98,-11.0,-10.5,191.5,192.5,win,under
2007_08,2007-11-21,Orlando,SanAntonio,110,128,-6.0,-6.0,190.5,187.5,win,over
2007_08,2007-11-21,Sacramento,Phoenix,111,127,-13.0,-14.0,218.5,216.0,win,over
2007_08,2007-11-21,NewJersey,Portland,106,101,-5.0,-3.0,181.0,183.5,loss,over
2007_08,2007-11-21,Denver,LAClippers,90,101,3.5,6.5,206.0,204.5,loss,under
2007_08,2007-11-23,GoldenState,Washington,123,115,0.0,2.5,216.5,214.0,win,over
2007_08,2007-11-23,Charlotte,Orlando,92,105,-9.5,-9.5,195.5,197.5,win,under
2007_08,2007-11-23,LALakers,Boston,94,107,-7.5,-8.0,202.0,205.0,win,under
2007_08,2007-11-23,Philadelphia,Detroit,78,83,-10.0,-9.5,186.5,184.0,loss,under
2007_08,2007-11-23,Dallas,Indiana,107,111,7.5,6.5,206.0,207.5,loss,over
2007_08,2007-11-23,Houston,Miami,91,98,2.0,3.5,179.5,179.5,loss,over
2007_08,2007-11-23,Memphis,SanAntonio,88,101,-12.0,-12.5,203.5,207.5,win,under
2007_08,2007-11-23,Minnesota,Denver,93,99,-13.5,-14.0,203.5,209.0,loss,under
2007_08,2007-11-23,LAClippers,Phoenix,94,113,-13.0,-14.5,210.5,211.5,win,under
2007_08,2007-11-23,NewOrleans,Utah,71,99,-6.0,-6.0,198.0,196.5,win,under
2007_08,2007-11-23,Sacramento,Portland,84,87,-5.0,-4.5,199.5,204.0,loss,under
2007_08,2007-11-23,NewJersey,Seattle,98,93,3.0,3.0,195.5,195.5,win,under
2007_08,2007-11-24,Toronto,Cleveland,108,111,-5.5,-4.5,197.0,190.5,loss,over
2007_08,2007-11-24,Chicago,NewYork,78,85,3.0,2.5,190.0,185.0,loss,under
2007_08,2007-11-24,Boston,Charlotte,96,95,6.0,7.5,186.0,186.0,loss,over
2007_08,2007-11-24,Miami,Orlando,99,120,-7.5,-7.0,181.0,188.0,win,over
2007_08,2007-11-24,GoldenState,Philadelphia,100,98,2.0,3.5,205.0,206.5,loss,under
2007_08,2007-11-24,Atlanta,Minnesota,94,87,3.5,4.5,192.0,190.0,win,under
2007_08,2007-11-24,Washington,Memphis,118,124,-6.0,-5.5,216.0,213.0,win,over
2007_08,2007-11-24,Denver,Houston,81,109,-5.0,-6.0,200.5,200.5,win,under
2007_08,2007-11-24,Dallas,Milwaukee,95,97,3.5,4.0,203.0,201.0,loss,under
2007_08,2007-11-24,NewOrleans,LAClippers,98,89,2.0,3.0,188.0,185.0,win,over
2007_08,2007-11-25,Chicago,Toronto,78,93,-4.0,-4.5,184.0,185.0,win,under
2007_08,2007-11-25,Utah,Detroit,103,93,-2.0,1.0,190.0,190.0,win,over
2007_08,2007-11-25,Cleveland,Indiana,111,106,-2.0,-2.0,201.5,205.0,loss,over
2007_08,2007-11-25,SanAntonio,Seattle,116,101,9.0,10.0,198.5,199.0,win,over
2007_08,2007-11-25,NewJersey,LALakers,102,100,-6.5,-6.5,196.0,199.5,loss,over
2007_08,2007-11-26,Utah,NewYork,109,113,6.0,5.5,198.0,194.0,loss,over
2007_08,2007-11-26,Minnesota,NewOrleans,103,94,-11.0,-10.5,183.5,188.0,loss,over
2007_08,2007-11-26,Washington,Dallas,110,98,-12.0,-12.0,209.5,208.0,loss,under
2007_08,2007-11-26,SanAntonio,Sacramento,99,112,6.5,6.0,193.0,194.5,loss,over
2007_08,2007-11-26,Orlando,Portland,85,74,4.0,5.0,197.0,203.0,win,under
2007_08,2007-11-26,Houston,LAClippers,88,71,5.5,6.5,185.5,189.5,win,under
2007_08,2007-11-26,Phoenix,GoldenState,114,129,4.5,5.0,228.0,229.5,loss,over
2007_08,2007-11-27,Boston,Cleveland,104,109,3.5,3.5,193.5,190.0,loss,over
2007_08,2007-11-27,Memphis,NewJersey,110,103,-5.0,-5.5,204.5,206.0,loss,over
2007_08,2007-11-27,Charlotte,Miami,90,110,-7.0,-7.0,188.0,187.0,win,over
2007_08,2007-11-27,Philadelphia,Milwaukee,114,99,-8.0,-6.0,185.5,187.0,loss,over
2007_08,2007-11-27,Atlanta,Chicago,78,90,-4.0,-5.0,181.5,183.0,win,under
2007_08,2007-11-27,Indiana,Denver,112,110,-9.0,-7.0,216.5,216.5,loss,over
2007_08,2007-11-27,Seattle,LALakers,99,106,-11.5,-12.5,216.0,218.0,loss,under
2007_08,2007-11-28,Memphis,Toronto,91,103,-8.0,-6.5,207.5,207.0,win,under
2007_08,2007-11-28,Utah,Philadelphia,106,95,7.5,6.5,188.5,195.5,win,over
2007_08,2007-11-28,Milwaukee,Atlanta,80,96,-2.5,-3.5,195.0,197.5,win,under
2007_08,2007-11-28,Cleveland,Detroit,74,109,-8.5,-8.5,191.0,189.0,win,under
2007_08,2007-11-28,Minnesota,Dallas,103,109,-14.0,-14.0,197.0,197.5,loss,over
2007_08,2007-11-28,Washington,SanAntonio,94,109,-12.0,-12.5,203.5,200.0,win,over
2007_08,2007-11-28,Houston,Phoenix,100,94,-6.0,-4.0,204.5,206.0,loss,under
2007_08,2007-11-28,Indiana,Portland,95,89,-4.0,-4.0,203.5,204.0,loss,under
2007_08,2007-11-28,Orlando,Seattle,110,94,8.5,8.0,211.0,209.0,win,under
2007_08,2007-11-28,GoldenState,Sacramento,103,96,-1.0,1.5,220.0,221.5,win,under
2007_08,2007-11-29,NewYork,Boston,59,104,-13.0,-12.5,187.5,189.0,win,under
2007_08,2007-11-29,Denver,LALakers,99,127,-5.0,-5.0,217.0,220.0,win,over
2007_08,2007-11-29,Houston,GoldenState,94,113,-0.0,2.0,208.0,208.5,loss,under
2007_08,2007-11-30,Washington,Philadelphia,84,85,-1.0,-2.5,196.5,195.0,loss,under
2007_08,2007-11-30,Cleveland,Toronto,82,91,-3.5,-6.5,195.0,189.0,win,under
2007_08,2007-11-30,NewOrleans,Atlanta,92,86,1.0,1.0,187.0,187.0,win,under
2007_08,2007-11-30,Milwaukee,NewYork,88,91,-0.0,1.0,193.0,194.5,loss,under
2007_08,2007-11-30,SanAntonio,Minnesota,106,91,9.5,10.0,193.0,192.0,win,over
2007_08,2007-11-30,Boston,Miami,95,85,2.5,2.5,188.5,185.0,win,under
2007_08,2007-11-30,Portland,Dallas,80,91,-12.5,-13.0,197.5,198.5,loss,under
2007_08,2007-11-30,LALakers,Utah,96,120,-8.0,-5.0,212.5,209.0,win,over
2007_08,2007-11-30,Orlando,Phoenix,106,110,-5.0,-5.5,212.5,215.5,loss,over
2007_08,2007-11-30,Indiana,Seattle,93,95,2.5,2.0,213.5,212.0,loss,under
2007_08,2007-11-30,LAClippers,Denver,107,123,-9.5,-9.5,205.5,208.0,win,over
2007_08,2007-12-01,Toronto,Washington,97,101,1.0,-3.0,198.0,194.0,win,over
2007_08,2007-12-01,Philadelphia,NewJersey,92,94,-8.0,-7.5,184.5,182.5,loss,over
2007_08,2007-12-01,Minnesota,Memphis,80,109,-9.0,-9.0,210.0,211.0,win,under
2007_08,2007-12-01,Dallas,NewOrleans,108,112,3.0,3.0,195.5,192.5,loss,over
2007_08,2007-12-01,Detroit,Milwaukee,117,91,2.5,5.0,195.5,192.5,win,over
2007_08,2007-12-01,Charlotte,Chicago,95,111,-5.5,-7.0,181.0,183.0,win,over
2007_08,2007-12-01,Houston,Sacramento,99,107,4.5,6.5,194.5,193.0,loss,over
2007_08,2007-12-02,Cleveland,Boston,70,80,-10.5,-15.0,185.0,184.5,loss,under
2007_08,2007-12-02,Indiana,LAClippers,101,95,1.5,-0.0,202.0,198.0,win,under
2007_08,2007-12-02,Portland,SanAntonio,79,100,-15.0,-13.5,186.5,188.0,win,under
2007_08,2007-12-02,NewJersey,Detroit,95,118,-8.0,-8.0,181.5,184.0,win,over
2007_08,2007-12-02,Phoenix,NewYork,115,104,9.0,8.5,204.5,209.5,win,over
2007_08,2007-12-02,Miami,Denver,89,115,-6.0,-5.0,199.0,207.0,win,under
2007_08,2007-12-02,GoldenState,Seattle,109,96,6.0,6.0,220.0,218.5,win,under
2007_08,2007-12-02,Orlando,LALakers,104,97,-1.5,-1.0,211.0,211.0,loss,under
2007_08,2007-12-03,Atlanta,Philadelphia,88,79,-1.5,-3.0,179.0,180.5,loss,under
2007_08,2007-12-03,Charlotte,Toronto,79,98,-5.0,-4.0,189.0,190.5,win,under
2007_08,2007-12-03,Portland,Memphis,106,105,-8.5,-8.5,204.5,204.0,loss,over
2007_08,2007-12-03,Dallas,Chicago,103,98,3.0,3.0,188.5,189.0,win,over
2007_08,2007-12-03,Miami,Utah,101,110,-9.0,-10.0,194.0,198.0,loss,over
2007_08,2007-12-03,Orlando,GoldenState,123,117,-1.0,-4.0,219.0,217.5,loss,over
2007_08,2007-12-04,NewJersey,Cleveland,100,79,-5.0,2.5,190.0,182.0,win,under
2007_08,2007-12-04,Detroit,Atlanta,106,95,5.0,5.5,186.0,188.5,win,over
2007_08,2007-12-04,Phoenix,Indiana,121,117,6.5,6.5,219.0,219.0,loss,over
2007_08,2007-12-04,LALakers,Minnesota,116,95,7.5,7.5,203.0,205.0,win,over
2007_08,2007-12-04,Utah,Sacramento,107,117,4.5,2.5,207.0,209.0,loss,over
2007_08,2007-12-04,Milwaukee,LAClippers,87,78,-2.0,-1.5,193.0,193.0,loss,under
2007_08,2007-12-05,Boston,Philadelphia,113,103,9.0,9.5,182.5,178.5,win,over
2007_08,2007-12-05,Cleveland,Washington,86,105,-9.5,-9.5,188.0,189.5,win,over
2007_08,2007-12-05,Chicago,Charlotte,91,82,-2.5,1.0,184.0,185.0,win,under
2007_08,2007-12-05,Phoenix,Toronto,136,123,6.5,7.5,207.0,207.0,win,over
2007_08,2007-12-05,NewYork,NewJersey,100,93,-6.5,-5.0,183.0,183.5,loss,over
2007_08,2007-12-05,Detroit,NewOrleans,91,76,1.0,-1.0,189.0,192.0,loss,under
2007_08,2007-12-05,Dallas,SanAntonio,95,97,-0.0,2.5,191.0,194.5,loss,under
2007_08,2007-12-05,Memphis,Houston,92,105,-9.5,-10.5,202.0,202.5,win,under
2007_08,2007-12-05,LALakers,Denver,111,107,-7.0,-8.0,221.5,221.0,loss,under
2007_08,2007-12-05,LAClippers,Seattle,88,95,-3.0,-4.0,198.5,195.0,win,under
2007_08,2007-12-05,Milwaukee,GoldenState,90,120,-9.0,-10.5,219.0,217.5,win,under
2007_08,2007-12-06,Minnesota,Atlanta,89,90,-9.5,-9.0,191.0,188.5,loss,under
2007_08,2007-12-06,Denver,Dallas,122,109,-7.0,-8.5,213.5,214.0,loss,over
2007_08,2007-12-06,Miami,Portland,106,112,1.0,3.0,187.5,185.0,loss,over
2007_08,2007-12-07,NewYork,Philadelphia,90,101,-4.0,-4.0,185.0,186.0,win,over
2007_08,2007-12-07,Phoenix,Washington,122,107,6.5,6.5,224.0,222.0,win,over
2007_08,2007-12-07,Indiana,Orlando,115,109,-8.5,-8.0,214.5,208.5,loss,over
2007_08,2007-12-07,Chicago,Detroit,98,91,-8.5,-7.5,182.5,184.0,loss,over
2007_08,2007-12-07,Toronto,Boston,84,112,-10.5,-12.0,185.0,189.0,win,over
2007_08,2007-12-07,Houston,NewJersey,96,89,4.0,5.0,186.5,184.0,win,over
2007_08,2007-12-07,Memphis,NewOrleans,116,118,-6.5,-7.0,200.0,206.0,loss,over
2007_08,2007-12-07,Utah,SanAntonio,98,104,-1.0,1.0,199.0,202.5,loss,under
2007_08,2007-12-07,LAClippers,Sacramento,97,87,-5.0,-5.0,195.0,190.5,loss,under
2007_08,2007-12-07,Miami,GoldenState,113,120,-8.0,-9.0,208.5,213.5,loss,over
2007_08,2007-12-07,Milwaukee,Seattle,98,104,-1.0,-0.0,200.5,201.5,loss,over
2007_08,2007-12-08,Cleveland,Charlotte,93,96,-6.0,-8.0,179.0,185.0,loss,over
2007_08,2007-12-08,Memphis,Atlanta,78,86,-4.5,-4.0,200.0,204.0,win,under
2007_08,2007-12-08,Philadelphia,NewYork,105,77,-5.0,-4.5,187.5,187.5,loss,under
2007_08,2007-12-08,Phoenix,Minnesota,93,100,10.0,10.0,213.0,217.0,loss,under
2007_08,2007-12-08,Utah,Dallas,117,125,-5.5,-6.0,210.0,209.5,win,over
2007_08,2007-12-08,Boston,Chicago,92,81,4.5,5.5,180.0,184.0,win,under
2007_08,2007-12-08,Sacramento,Denver,97,101,-12.0,-14.0,216.5,214.0,loss,under
2007_08,2007-12-09,Houston,Toronto,80,93,2.0,4.0,187.5,186.5,loss,under
2007_08,2007-12-09,Miami,LAClippers,100,94,1.5,2.5,187.0,187.0,win,over
2007_08,2007-12-09,Milwaukee,Portland,113,117,-3.0,-3.0,190.0,192.5,win,over
2007_08,2007-12-09,Charlotte,Detroit,85,104,-11.5,-12.0,187.5,192.0,win,under
2007_08,2007-12-09,Seattle,NewOrleans,88,91,-8.5,-8.0,195.0,196.5,loss,under
2007_08,2007-12-09,NewJersey,Washington,89,104,-3.5,-3.0,195.5,194.5,win,under
2007_08,2007-12-09,GoldenState,LALakers,113,123,-2.0,-3.5,222.0,225.0,win,over
2007_08,2007-12-10,Atlanta,Orlando,98,87,-9.5,-10.0,194.5,194.5,loss,under
2007_08,2007-12-10,Houston,Philadelphia,88,100,7.0,6.0,182.0,181.5,loss,over
2007_08,2007-12-10,Dallas,NewYork,99,89,7.5,8.5,201.5,199.0,win,under
2007_08,2007-12-10,Miami,Phoenix,117,113,-10.5,-12.5,214.5,216.5,loss,over
2007_08,2007-12-10,Milwaukee,Sacramento,93,96,-3.5,-5.5,197.0,198.5,loss,under
2007_08,2007-12-11,Indiana,Cleveland,105,118,-5.0,-2.0,200.5,197.0,win,over
2007_08,2007-12-11,Minnesota,Washington,88,102,-9.5,-8.5,196.5,196.5,win,under
2007_08,2007-12-11,Toronto,Atlanta,100,88,2.0,2.5,184.0,185.0,win,over
2007_08,2007-12-11,LAClippers,NewJersey,91,82,-7.0,-6.0,184.0,185.0,loss,under
2007_08,2007-12-11,Detroit,Memphis,113,103,6.0,5.5,203.0,204.5,win,over
2007_08,2007-12-11,Seattle,Chicago,96,123,-7.5,-8.5,188.0,192.5,win,over
2007_08,2007-12-11,Portland,Utah,97,89,-11.5,-13.5,205.5,203.0,loss,under
2007_08,2007-12-11,SanAntonio,GoldenState,84,96,3.0,-2.0,214.0,214.5,win,under
2007_08,2007-12-12,Minnesota,Philadelphia,94,98,-8.0,-8.5,185.0,186.5,loss,over
2007_08,2007-12-12,Dallas,Toronto,76,92,3.5,5.0,198.0,196.5,loss,under
2007_08,2007-12-12,Chicago,Indiana,102,117,-3.5,-1.5,196.5,197.5,win,over
2007_08,2007-12-12,LAClippers,Charlotte,103,108,-5.5,-6.0,186.0,187.0,loss,over
2007_08,2007-12-12,Sacramento,Boston,78,90,-15.0,-14.5,189.5,191.5,loss,under
2007_08,2007-12-12,Seattle,NewYork,117,110,-4.5,-5.0,197.5,198.5,loss,over
2007_08,2007-12-12,Detroit,Houston,77,80,1.0,-3.5,180.5,186.5,loss,under
2007_08,2007-12-12,Orlando,Milwaukee,86,100,3.5,5.0,201.5,202.5,loss,under
2007_08,2007-12-12,NewOrleans,Denver,99,105,-7.0,-8.0,205.5,205.0,loss,under
2007_08,2007-12-12,GoldenState,Portland,95,105,4.0,4.5,212.5,208.5,loss,under
2007_08,2007-12-12,Utah,Phoenix,98,103,-5.5,-7.5,225.0,225.5,loss,under
2007_08,2007-12-13,Washington,Miami,104,91,-5.0,-6.0,205.0,201.5,loss,under
2007_08,2007-12-13,SanAntonio,LALakers,97,102,-5.5,-7.0,198.5,200.5,loss,under
2007_08,2007-12-14,Toronto,Indiana,104,93,-2.0,-2.5,205.0,204.0,loss,under
2007_08,2007-12-14,Orlando,Charlotte,103,87,5.0,5.5,198.0,198.5,win,under
2007_08,2007-12-14,Sacramento,Philadelphia,109,99,-5.0,-5.5,188.0,189.5,loss,over
2007_08,2007-12-14,Milwaukee,Boston,82,104,-12.5,-12.5,189.0,189.0,win,under
2007_08,2007-12-14,Atlanta,Detroit,81,91,-10.0,-9.5,182.5,189.0,win,under
2007_08,2007-12-14,Cleveland,NewJersey,97,105,2.0,3.0,188.5,187.5,loss,over
2007_08,2007-12-14,Seattle,Minnesota,99,88,-2.0,-2.0,198.0,201.5,loss,under
2007_08,2007-12-14,LAClippers,Memphis,98,91,-6.0,-4.0,203.5,202.5,loss,under
2007_08,2007-12-14,NewOrleans,Dallas,80,89,-8.5,-8.5,196.0,194.5,win,under
2007_08,2007-12-14,NewYork,Chicago,96,101,-9.0,-10.5,190.5,187.5,loss,over
2007_08,2007-12-14,Utah,Portland,91,99,5.0,6.5,199.0,198.0,loss,under
2007_08,2007-12-14,LALakers,GoldenState,106,108,-4.5,-6.5,228.0,226.0,loss,under
2007_08,2007-12-15,Memphis,Orlando,123,119,-12.0,-11.5,208.5,206.5,loss,over
2007_08,2007-12-15,Sacramento,Washington,79,92,-8.0,-7.5,197.5,200.5,win,under
2007_08,2007-12-15,Charlotte,Atlanta,84,93,-6.5,-6.5,186.5,184.0,win,under
2007_08,2007-12-15,Philadelphia,Cleveland,92,86,-7.5,-7.5,191.0,191.0,loss,under
2007_08,2007-12-15,Indiana,Miami,106,103,-4.0,-6.5,208.0,208.5,loss,over
2007_08,2007-12-15,NewJersey,NewYork,86,94,1.5,3.5,188.0,188.0,loss,under
2007_08,2007-12-15,Phoenix,NewOrleans,98,101,5.0,6.5,208.0,208.0,loss,under
2007_08,2007-12-15,Denver,SanAntonio,91,102,-6.5,-6.0,204.5,202.0,win,under
2007_08,2007-12-15,Dallas,Houston,96,83,-3.5,-3.5,189.5,188.0,loss,under
2007_08,2007-12-15,Minnesota,Milwaukee,92,95,-8.0,-8.0,193.5,193.0,loss,under
2007_08,2007-12-15,Seattle,Utah,75,96,-12.5,-12.0,212.5,211.0,win,under
2007_08,2007-12-16,GoldenState,Detroit,87,109,-7.0,-5.5,206.5,208.0,win,under
2007_08,2007-12-16,Boston,Toronto,90,77,2.0,-0.0,188.5,180.5,win,under
2007_08,2007-12-16,Portland,Denver,116,105,-8.5,-9.0,205.5,205.5,loss,over
2007_08,2007-12-16,LAClippers,LALakers,92,113,-5.5,-7.0,198.0,202.5,win,over
2007_08,2007-12-17,Utah,Atlanta,111,116,3.5,3.5,191.5,187.5,loss,over
2007_08,2007-12-17,Milwaukee,Cleveland,99,104,-7.0,-7.5,192.5,193.5,loss,over
2007_08,2007-12-17,Indiana,NewYork,119,92,2.5,2.5,203.0,204.0,win,over
2007_08,2007-12-17,Minnesota,Miami,87,91,-9.5,-9.0,193.5,194.5,loss,under
2007_08,2007-12-17,GoldenState,Memphis,125,117,3.5,4.0,224.5,227.5,win,over
2007_08,2007-12-17,Phoenix,SanAntonio,100,95,-2.5,-1.5,205.0,204.0,loss,under
2007_08,2007-12-17,Orlando,Dallas,108,111,-6.0,-5.5,203.0,204.0,loss,over
2007_08,2007-12-17,NewOrleans,Portland,76,88,2.0,2.0,186.0,184.0,loss,under
2007_08,2007-12-18,Sacramento,NewJersey,106,101,-5.0,-5.5,189.0,187.5,loss,over
2007_08,2007-12-18,LALakers,Chicago,103,91,-2.5,-2.0,202.0,202.0,loss,under
2007_08,2007-12-18,Toronto,LAClippers,80,77,4.5,4.5,187.0,187.0,loss,under
2007_08,2007-12-19,Utah,Charlotte,92,98,6.0,5.0,197.5,198.5,loss,under
2007_08,2007-12-19,Philadelphia,Indiana,85,102,-6.0,-5.0,201.5,202.0,win,under
2007_08,2007-12-19,Miami,Atlanta,111,117,-1.5,-2.0,187.5,186.0,win,over
2007_08,2007-12-19,Chicago,Washington,95,84,-4.5,-5.5,191.5,195.5,loss,under
2007_08,2007-12-19,Detroit,Boston,87,85,-6.0,-6.0,180.0,183.0,loss,under
2007_08,2007-12-19,Cleveland,NewYork,90,108,3.5,2.5,194.5,191.0,loss,over
2007_08,2007-12-19,SanAntonio,Memphis,85,88,6.5,7.0,200.0,202.5,loss,under
2007_08,2007-12-19,GoldenState,Minnesota,111,98,7.5,7.0,210.0,209.0,win,under
2007_08,2007-12-19,Sacramento,Milwaukee,102,89,-6.0,-6.5,194.5,194.0,loss,under
2007_08,2007-12-19,Orlando,Houston,97,92,-4.0,-3.5,191.0,193.5,loss,under
2007_08,2007-12-19,Phoenix,Dallas,105,108,-3.5,-3.0,216.0,215.5,loss,under
2007_08,2007-12-19,Toronto,Portland,96,101,-2.0,-3.0,186.0,186.0,win,over
2007_08,2007-12-19,NewOrleans,Seattle,107,93,3.0,2.5,191.5,191.5,win,over
2007_08,2007-12-20,NewJersey,Miami,107,103,-4.0,-1.5,189.0,190.0,loss,over
2007_08,2007-12-20,LALakers,Cleveland,90,94,-1.0,2.5,205.5,204.0,loss,under
2007_08,2007-12-20,Houston,Denver,111,112,-5.5,-8.0,199.0,199.5,loss,over
2007_08,2007-12-21,NewYork,Charlotte,95,105,-5.0,-6.0,190.0,193.5,win,over
2007_08,2007-12-21,LALakers,Philadelphia,106,101,3.0,2.5,199.5,198.5,win,over
2007_08,2007-12-21,Utah,Orlando,113,94,-3.5,-4.0,210.0,208.5,loss,under
2007_08,2007-12-21,Chicago,Boston,82,107,-10.0,-9.5,180.0,184.0,win,over
2007_08,2007-12-21,Atlanta,Washington,97,92,-5.5,-4.5,192.0,190.5,loss,under
2007_08,2007-12-21,Indiana,Minnesota,118,131,5.5,5.5,204.0,202.0,loss,over
2007_08,2007-12-21,Memphis,Detroit,67,94,-9.5,-10.0,204.5,200.5,win,under
2007_08,2007-12-21,LAClippers,Dallas,89,102,-12.0,-11.5,194.5,194.0,win,under
2007_08,2007-12-21,Denver,Portland,96,99,-2.0,-4.5,205.0,206.0,loss,under
2007_08,2007-12-21,Toronto,Seattle,115,123,5.0,5.0,196.0,196.0,loss,over
2007_08,2007-12-22,Washington,Indiana,85,93,-5.5,-8.0,206.5,205.5,loss,under
2007_08,2007-12-22,GoldenState,NewJersey,95,100,2.0,2.0,210.0,211.5,loss,under
2007_08,2007-12-22,Utah,Miami,102,104,-0.0,1.0,202.0,202.5,loss,over
2007_08,2007-12-22,Minnesota,NewOrleans,76,110,-11.0,-12.0,184.0,186.5,win,under
2007_08,2007-12-22,Philadelphia,Memphis,99,97,-4.5,-4.0,200.5,199.0,loss,under
2007_08,2007-12-22,Houston,Chicago,116,98,-0.0,1.5,180.5,184.0,win,over
2007_08,2007-12-22,LAClippers,SanAntonio,90,99,-15.0,-15.5,189.0,186.5,loss,over
2007_08,2007-12-22,Charlotte,Milwaukee,99,103,-6.5,-6.5,187.5,192.5,loss,over
2007_08,2007-12-22,Toronto,Phoenix,103,122,-10.0,-10.0,208.0,214.0,win,over
2007_08,2007-12-23,LALakers,NewYork,95,90,7.0,7.0,206.0,204.0,loss,under
2007_08,2007-12-23,GoldenState,Cleveland,105,96,-1.0,-3.5,209.5,209.5,loss,under
2007_08,2007-12-23,Houston,Detroit,82,94,-7.5,-7.5,183.0,183.5,win,under
2007_08,2007-12-23,Orlando,Boston,91,103,-8.5,-9.5,192.5,193.0,win,over
2007_08,2007-12-23,Denver,Sacramento,106,105,-3.0,-3.5,208.0,210.5,loss,over
2007_08,2007-12-24,Miami,Cleveland,82,96,-4.5,-4.5,194.0,194.0,win,under
2007_08,2007-12-24,Phoenix,LALakers,115,122,2.0,1.5,220.5,222.5,loss,over
2007_08,2007-12-24,Seattle,Portland,79,89,-7.5,-7.0,197.5,201.5,win,under
2007_08,2007-12-26,Miami,Philadelphia,85,96,-1.5,-3.0,191.5,191.5,win,under
2007_08,2007-12-26,Indiana,Atlanta,95,107,-2.0,-2.5,199.5,203.0,win,under
2007_08,2007-12-26,Washington,Charlotte,108,104,-4.5,-5.0,188.0,191.0,loss,over
2007_08,2007-12-26,NewYork,Orlando,96,110,-10.5,-11.0,200.5,200.0,win,over
2007_08,2007-12-26,Detroit,NewJersey,101,83,5.0,5.0,185.5,184.0,win,under
2007_08,2007-12-26,NewOrleans,Memphis,116,98,3.0,2.0,201.0,200.5,win,over
2007_08,2007-12-26,Chicago,SanAntonio,79,94,-9.5,-9.5,186.5,186.5,win,under
2007_08,2007-12-26,Milwaukee,Denver,105,125,-8.0,-8.5,209.0,210.5,win,over
2007_08,2007-12-26,Dallas,Utah,90,99,-2.0,-3.5,204.0,203.5,win,under
2007_08,2007-12-26,Boston,Sacramento,89,69,6.0,7.5,187.5,191.0,win,under
2007_08,2007-12-26,Minnesota,GoldenState,101,105,-12.5,-12.5,208.0,212.0,loss,under
2007_08,2007-12-27,Cleveland,Dallas,88,81,-6.5,-7.0,194.5,193.5,loss,under
2007_08,2007-12-27,Phoenix,LAClippers,108,88,7.5,8.0,208.5,211.5,win,under
2007_08,2007-12-27,Boston,Seattle,104,96,8.5,10.0,193.0,192.5,loss,over
2007_08,2007-12-28,NewOrleans,Charlotte,99,85,3.5,3.5,190.0,191.0,win,under
2007_08,2007-12-28,Orlando,Miami,121,114,3.0,4.0,199.0,199.0,win,over
2007_08,2007-12-28,Washington,NewJersey,106,109,-4.5,-4.0,188.5,191.5,loss,over
2007_08,2007-12-28,Houston,Memphis,103,83,1.0,-0.0,193.5,195.0,win,under
2007_08,2007-12-28,Indiana,Detroit,101,114,-9.0,-9.5,201.0,198.0,win,over
2007_08,2007-12-28,Milwaukee,Chicago,99,103,-6.0,-6.0,191.5,192.0,loss,over
2007_08,2007-12-28,Toronto,SanAntonio,83,73,-7.0,-7.0,186.0,184.5,loss,under
2007_08,2007-12-28,LAClippers,Phoenix,88,94,-13.5,-13.0,211.0,210.0,loss,under
2007_08,2007-12-28,Minnesota,Portland,98,109,-10.0,-8.5,187.5,188.0,win,over
2007_08,2007-12-28,Philadelphia,Sacramento,92,80,-4.0,-3.0,192.5,188.5,loss,under
2007_08,2007-12-28,Utah,LALakers,109,123,-4.0,-5.0,211.0,213.0,win,over
2007_08,2007-12-28,Denver,GoldenState,124,120,-4.0,-5.0,227.5,227.5,loss,over
2007_08,2007-12-29,Atlanta,Dallas,84,97,-8.5,-8.0,190.0,189.5,win,under
2007_08,2007-12-29,Miami,Washington,74,96,-8.0,-8.0,194.5,198.0,win,under
2007_08,2007-12-29,Detroit,Indiana,98,92,4.5,4.0,199.0,199.0,win,under
2007_08,2007-12-29,Charlotte,Orlando,95,104,-9.5,-8.5,199.0,202.0,win,under
2007_08,2007-12-29,Cleveland,NewOrleans,76,86,-3.5,-5.0,186.0,185.5,win,under
2007_08,2007-12-29,Toronto,Houston,79,91,-2.5,-2.5,182.5,181.0,win,under
2007_08,2007-12-29,NewJersey,Milwaukee,97,95,-2.5,-3.0,190.5,194.0,loss,under
2007_08,2007-12-29,Boston,Utah,104,98,3.0,5.5,193.0,193.5,win,over
2007_08,2007-12-29,Minnesota,Seattle,90,109,-6.0,-5.5,200.0,201.0,win,under
2007_08,2007-12-30,Chicago,NewYork,100,83,2.0,3.0,193.0,188.0,win,under
2007_08,2007-12-30,Philadelphia,Portland,72,97,-7.0,-5.5,182.0,186.0,win,under
2007_08,2007-12-30,GoldenState,Denver,105,95,-4.0,-4.0,227.5,229.0,loss,under
2007_08,2007-12-30,Memphis,SanAntonio,87,111,-12.0,-9.5,197.5,191.0,win,over
2007_08,2007-12-30,Phoenix,Sacramento,117,102,8.0,9.0,210.5,209.0,win,over
2007_08,2007-12-30,Boston,LALakers,110,91,-1.0,-3.0,200.5,198.0,loss,over
2007_08,2007-12-31,Orlando,Chicago,112,110,2.5,3.0,196.5,197.0,loss,over
2007_08,2007-12-31,Indiana,Charlotte,103,107,-0.0,-1.5,202.5,203.0,win,over
2007_08,2007-12-31,Milwaukee,Detroit,69,114,-11.5,-12.5,190.5,192.0,win,under
2007_08,2007-12-31,GoldenState,Houston,112,95,-3.0,-3.5,205.5,201.0,loss,over
2007_08,2007-12-31,Portland,Utah,101,111,-7.5,-9.0,198.0,200.5,win,over
2007_08,2007-12-31,Toronto,NewOrleans,97,92,-5.0,-6.0,185.0,186.0,loss,over
2007_08,2007-12-31,Minnesota,LAClippers,82,91,-7.0,-6.0,188.5,188.5,win,under
2007_08,2007-12-31,Philadelphia,Seattle,98,90,1.5,2.5,189.5,189.5,win,under
2007_08,2008-01-02,NewJersey,Orlando,96,95,-6.5,-6.5,199.5,198.0,loss,under
2007_08,2008-01-02,Detroit,Washington,106,93,5.5,5.0,192.5,192.0,win,over
2007_08,2008-01-02,Chicago,Charlotte,109,97,-1.5,1.0,190.5,191.0,win,over
2007_08,2008-01-02,Atlanta,Cleveland,94,98,-4.5,-5.0,184.5,184.5,loss,over
2007_08,2008-01-02,Memphis,Indiana,90,72,-6.5,-6.0,210.0,211.5,loss,under
2007_08,2008-01-02,Houston,Boston,93,97,-11.0,-11.0,181.0,180.0,loss,over
2007_08,2008-01-02,Milwaukee,Miami,103,98,-3.0,-3.0,195.0,195.0,loss,over
2007_08,2008-01-02,Sacramento,NewYork,107,97,-0.0,-3.5,191.0,191.0,loss,over
2007_08,2008-01-02,Portland,Minnesota,90,79,5.0,4.5,192.0,190.0,win,under
2007_08,2008-01-02,GoldenState,Dallas,99,121,-6.0,-6.0,213.0,213.5,win,over
2007_08,2008-01-02,Philadelphia,Utah,107,110,-9.5,-9.0,196.0,196.0,loss,over
2007_08,2008-01-02,NewOrleans,LAClippers,95,81,4.5,5.0,184.0,183.5,win,under
2007_08,2008-01-03,Portland,Chicago,115,109,-3.0,-4.0,187.0,188.0,loss,over
2007_08,2008-01-03,SanAntonio,Denver,77,80,-1.5,-2.5,201.0,198.0,win,under
2007_08,2008-01-03,Seattle,Phoenix,96,104,-14.5,-14.5,216.5,219.0,loss,under
2007_08,2008-01-04,Houston,Orlando,96,94,-5.0,-4.5,192.0,192.0,loss,under
2007_08,2008-01-04,Detroit,Toronto,101,85,4.5,4.5,187.5,184.0,win,over
2007_08,2008-01-04,Atlanta,Indiana,91,113,-2.0,-2.5,198.0,194.5,win,over
2007_08,2008-01-04,Memphis,Boston,96,100,-13.0,-13.5,198.0,194.5,loss,over
2007_08,2008-01-04,Sacramento,Cleveland,93,97,-8.0,-8.0,193.5,190.0,loss,under
2007_08,2008-01-04,Charlotte,NewJersey,96,102,-7.0,-5.5,192.5,193.0,win,over
2007_08,2008-01-04,Denver,Minnesota,118,107,6.5,5.0,209.0,207.0,win,over
2007_08,2008-01-04,NewYork,SanAntonio,93,97,-12.5,-12.0,186.5,184.5,loss,over
2007_08,2008-01-04,Washington,Milwaukee,101,77,-1.5,3.5,196.5,196.0,win,under
2007_08,2008-01-04,Miami,Dallas,89,94,-13.5,-15.5,197.0,194.5,loss,under
2007_08,2008-01-04,NewOrleans,GoldenState,116,104,-3.5,-2.5,206.0,208.5,loss,over
2007_08,2008-01-04,Philadelphia,LALakers,93,124,-7.5,-7.5,199.5,200.0,win,over
2007_08,2008-01-05,NewJersey,Atlanta,113,107,-3.5,-4.5,187.0,187.5,loss,over
2007_08,2008-01-05,Boston,Detroit,92,85,-2.5,-2.0,181.5,181.5,loss,under
2007_08,2008-01-05,NewYork,Houston,91,103,-9.5,-9.0,185.5,187.0,win,over
2007_08,2008-01-05,Sacramento,Chicago,93,94,-7.5,-8.0,191.5,191.5,loss,under
2007_08,2008-01-05,NewOrleans,Phoenix,118,113,-7.5,-8.5,206.0,209.0,loss,over
2007_08,2008-01-05,Utah,Portland,89,103,-3.0,-2.0,201.0,198.0,win,under
2007_08,2008-01-06,Seattle,Washington,86,108,-8.5,-8.5,205.0,202.0,win,under
2007_08,2008-01-06,Cleveland,Toronto,93,90,-3.5,-4.0,185.5,185.0,loss,under
2007_08,2008-01-06,Dallas,Minnesota,101,78,9.0,8.0,193.0,193.5,win,under
2007_08,2008-01-06,SanAntonio,LAClippers,88,82,6.5,6.5,184.0,180.0,loss,under
2007_08,2008-01-06,Miami,Memphis,94,101,-6.0,-5.0,200.0,198.5,win,under
2007_08,2008-01-06,Milwaukee,Charlotte,93,89,-7.5,-7.5,191.0,192.0,loss,under
2007_08,2008-01-06,Philadelphia,Denver,96,109,-9.0,-8.5,205.0,205.5,win,under
2007_08,2008-01-06,Indiana,LALakers,96,112,-8.5,-9.0,215.0,216.5,win,under
2007_08,2008-01-07,Denver,Phoenix,115,137,-7.0,-7.5,226.0,227.5,win,over
2007_08,2008-01-07,SanAntonio,GoldenState,121,130,-2.0,-1.5,205.5,205.0,win,over
2007_08,2008-01-08,NewJersey,Charlotte,99,115,1.5,1.5,194.5,194.0,loss,over
2007_08,2008-01-08,Seattle,Cleveland,79,95,-9.0,-9.0,192.0,194.0,win,under
2007_08,2008-01-08,Houston,Washington,92,84,-2.0,-3.0,189.0,189.0,loss,under
2007_08,2008-01-08,Milwaukee,Philadelphia,87,83,-6.0,-6.5,189.0,188.5,loss,under
2007_08,2008-01-08,LALakers,Memphis,117,101,5.0,6.5,215.0,216.0,win,over
2007_08,2008-01-08,Miami,Minnesota,91,101,1.5,-1.5,191.5,191.5,win,over
2007_08,2008-01-08,NewYork,Chicago,105,100,-6.5,-6.5,190.0,192.0,loss,over
2007_08,2008-01-08,Indiana,Utah,89,111,-8.5,-7.5,212.0,213.0,win,under
2007_08,2008-01-08,Orlando,Sacramento,100,104,5.0,7.0,197.0,199.5,loss,over
2007_08,2008-01-09,Philadelphia,Toronto,96,109,-7.5,-8.0,185.5,188.0,win,over
2007_08,2008-01-09,Cleveland,Atlanta,81,90,-2.5,-3.0,186.5,187.5,win,under
2007_08,2008-01-09,Houston,NewYork,101,92,4.5,5.5,188.5,186.5,win,over
2007_08,2008-01-09,Seattle,NewJersey,88,99,-7.5,-7.5,197.0,196.5,win,under
2007_08,2008-01-09,Charlotte,Boston,95,83,-14.0,-13.5,190.5,188.0,loss,under
2007_08,2008-01-09,Miami,Milwaukee,92,98,-4.5,-3.0,189.5,187.5,win,over
2007_08,2008-01-09,LALakers,NewOrleans,109,80,-2.5,-2.0,206.5,207.0,loss,under
2007_08,2008-01-09,Detroit,Dallas,86,102,-3.0,-2.0,190.5,189.0,win,under
2007_08,2008-01-09,Indiana,Phoenix,122,129,-11.0,-11.5,225.0,225.0,loss,over
2007_08,2008-01-09,GoldenState,Portland,91,109,-2.0,-1.0,207.0,208.5,win,under
2007_08,2008-01-09,Orlando,LAClippers,113,106,3.5,4.5,188.5,192.5,win,over
2007_08,2008-01-10,Detroit,SanAntonio,90,80,-3.5,-3.0,181.5,179.5,loss,under
2007_08,2008-01-10,Memphis,Sacramento,113,116,-4.5,-2.5,203.5,202.0,win,over
2007_08,2008-01-10,Phoenix,Utah,86,108,-3.0,-8.0,224.0,216.5,win,under
2007_08,2008-01-11,Chicago,Philadelphia,100,97,-2.0,-2.0,188.5,187.5,loss,over
2007_08,2008-01-11,Charlotte,Cleveland,106,113,-8.5,-8.0,186.5,188.5,loss,over
2007_08,2008-01-11,Washington,Atlanta,102,98,-3.0,-2.5,193.0,193.0,loss,over
2007_08,2008-01-11,Toronto,NewYork,99,90,4.5,5.5,193.0,194.5,win,under
2007_08,2008-01-11,Boston,NewJersey,86,77,7.5,7.0,186.0,188.0,win,under
2007_08,2008-01-11,Miami,NewOrleans,88,114,-11.5,-12.0,189.0,189.0,win,over
2007_08,2008-01-11,Minnesota,Houston,82,113,-11.0,-10.0,186.0,186.0,win,over
2007_08,2008-01-11,Orlando,Denver,103,113,-5.0,-6.0,218.0,218.5,win,under
2007_08,2008-01-11,Milwaukee,LALakers,105,110,-12.0,-14.5,209.0,208.0,loss,over
2007_08,2008-01-11,Memphis,GoldenState,104,116,-9.0,-10.0,222.0,224.5,win,under
2007_08,2008-01-11,Dallas,Seattle,90,70,8.5,9.0,196.0,195.0,win,under
2007_08,2008-01-12,Detroit,Charlotte,103,100,8.0,10.0,189.0,187.5,loss,over
2007_08,2008-01-12,Boston,Washington,78,85,7.0,7.0,191.0,188.5,loss,under
2007_08,2008-01-12,Minnesota,SanAntonio,88,105,-15.5,-15.5,188.0,188.0,win,over
2007_08,2008-01-12,Orlando,Utah,115,119,-6.5,-7.0,212.0,212.0,loss,over
2007_08,2008-01-12,Milwaukee,Phoenix,114,122,-13.5,-12.0,214.0,216.0,loss,over
2007_08,2008-01-12,Indiana,Sacramento,111,105,-2.5,-2.5,207.0,208.0,loss,over
2007_08,2008-01-12,Dallas,LAClippers,95,94,6.5,5.5,186.5,185.0,loss,over
2007_08,2008-01-13,Portland,Toronto,109,116,-4.0,-5.5,188.5,183.5,win,over
2007_08,2008-01-13,Chicago,Atlanta,84,105,-5.0,-4.0,188.5,187.5,win,over
2007_08,2008-01-13,NewOrleans,Houston,87,82,-2.5,-1.0,185.5,186.0,loss,under
2007_08,2008-01-13,Detroit,NewYork,65,89,8.0,8.0,190.5,191.0,loss,under
2007_08,2008-01-13,Indiana,GoldenState,101,106,-7.5,-9.5,225.0,225.0,loss,under
2007_08,2008-01-13,Memphis,LALakers,99,100,-12.5,-11.0,220.5,218.5,loss,under
2007_08,2008-01-14,Denver,Charlotte,116,119,4.5,4.0,209.5,209.5,loss,over
2007_08,2008-01-14,Washington,Boston,88,83,-12.5,-11.5,183.5,184.5,loss,under
2007_08,2008-01-14,Portland,NewJersey,99,73,-4.5,-4.5,187.5,187.5,loss,under
2007_08,2008-01-14,Philadelphia,SanAntonio,82,89,-12.0,-11.0,187.5,185.5,loss,under
2007_08,2008-01-14,Milwaukee,Utah,87,98,-9.5,-10.5,210.5,209.0,win,under
2007_08,2008-01-14,LALakers,Seattle,123,121,8.0,5.0,209.5,209.0,loss,over
2007_08,2008-01-14,Dallas,Sacramento,120,122,6.0,6.0,194.5,196.0,loss,over
2007_08,2008-01-15,Chicago,Orlando,88,102,-7.0,-6.5,198.5,201.5,win,under
2007_08,2008-01-15,Denver,Atlanta,93,104,-1.5,-3.0,205.0,209.5,win,under
2007_08,2008-01-15,Toronto,Detroit,89,103,-9.5,-7.5,181.0,183.5,win,over
2007_08,2008-01-15,Washington,NewYork,93,105,2.5,1.0,191.5,189.0,loss,over
2007_08,2008-01-15,GoldenState,Minnesota,105,98,7.5,7.5,210.0,212.5,loss,under
2007_08,2008-01-15,Cleveland,Memphis,132,124,2.0,2.0,197.5,197.5,win,over
2007_08,2008-01-15,Philadelphia,Houston,111,107,-9.5,-9.0,182.5,181.0,loss,over
2007_08,2008-01-15,Phoenix,LAClippers,90,97,7.0,7.5,206.5,208.0,loss,under
2007_08,2008-01-16,GoldenState,Indiana,117,125,-1.0,-2.0,224.0,221.0,win,over
2007_08,2008-01-16,Chicago,Miami,126,96,-3.5,-3.5,189.5,188.5,loss,over
2007_08,2008-01-16,Orlando,Charlotte,93,99,2.0,-0.0,206.5,206.5,loss,under
2007_08,2008-01-16,Sacramento,Toronto,91,116,-5.0,-5.0,200.5,200.0,win,over
2007_08,2008-01-16,Portland,Boston,90,100,-8.5,-8.0,181.5,180.0,win,over
2007_08,2008-01-16,NewYork,NewJersey,111,105,-8.5,-7.0,190.0,190.5,loss,over
2007_08,2008-01-16,Atlanta,Milwaukee,80,87,-3.5,-4.0,195.5,191.0,win,under
2007_08,2008-01-16,Seattle,NewOrleans,92,123,-11.0,-11.0,192.5,199.0,win,over
2007_08,2008-01-17,Cleveland,SanAntonio,90,88,-8.5,-7.5,183.5,180.5,loss,under
2007_08,2008-01-17,Utah,Denver,109,120,-3.5,-3.0,220.5,220.5,win,over
2007_08,2008-01-17,Phoenix,LALakers,106,98,1.0,1.5,225.0,226.0,win,under
2007_08,2008-01-18,Portland,Miami,98,91,2.5,3.5,191.0,191.5,win,under
2007_08,2008-01-18,NewYork,Washington,98,111,-8.5,-8.5,193.0,196.0,win,over
2007_08,2008-01-18,Atlanta,Toronto,78,89,-6.5,-5.5,187.0,187.5,win,under
2007_08,2008-01-18,Philadelphia,Boston,89,116,-12.5,-10.5,183.0,185.5,win,over
2007_08,2008-01-18,Charlotte,NewOrleans,84,112,-9.5,-10.0,193.0,195.0,win,over
2007_08,2008-01-18,Seattle,Memphis,100,124,-5.5,-5.5,212.0,215.5,win,over
2007_08,2008-01-18,Sacramento,Detroit,100,93,-11.0,-9.5,194.5,193.0,loss,under
2007_08,2008-01-18,LAClippers,Utah,88,106,-11.5,-9.5,197.0,198.5,win,under
2007_08,2008-01-18,Minnesota,Phoenix,95,115,-14.5,-13.5,213.0,211.0,win,under
2007_08,2008-01-18,GoldenState,Chicago,119,111,1.0,2.0,210.0,213.0,win,over
2007_08,2008-01-19,Sacramento,Indiana,110,104,-5.0,-3.0,212.5,213.5,loss,over
2007_08,2008-01-19,Portland,Orlando,94,101,-5.0,-5.5,196.5,193.5,win,over
2007_08,2008-01-19,Memphis,Charlotte,87,105,-4.5,-5.5,207.5,208.0,win,under
2007_08,2008-01-19,Toronto,Philadelphia,95,99,1.5,2.0,190.5,188.0,loss,over
2007_08,2008-01-19,NewYork,Miami,88,84,-4.0,-4.5,196.5,196.0,loss,under
2007_08,2008-01-19,SanAntonio,Houston,81,83,-0.0,-1.0,183.0,180.0,win,under
2007_08,2008-01-19,GoldenState,Milwaukee,119,99,-1.0,-2.0,214.0,215.0,loss,over
2007_08,2008-01-19,Detroit,Chicago,81,97,5.5,7.0,185.5,186.5,loss,under
2007_08,2008-01-19,Seattle,Dallas,96,111,-15.0,-14.5,200.5,203.0,win,over
2007_08,2008-01-19,Minnesota,Denver,108,111,-13.5,-14.5,211.0,210.5,loss,over
2007_08,2008-01-19,NewJersey,LAClippers,107,120,2.0,-0.0,186.0,186.5,loss,over
2007_08,2008-01-20,NewJersey,Phoenix,92,116,-11.0,-10.5,210.0,214.0,win,under
2007_08,2008-01-21,SanAntonio,Charlotte,95,86,6.0,6.5,184.5,185.0,win,under
2007_08,2008-01-21,Dallas,Washington,84,102,3.0,4.0,194.0,192.5,loss,under
2007_08,2008-01-21,Boston,NewYork,109,93,8.5,8.5,188.0,186.0,win,over
2007_08,2008-01-21,Portland,Atlanta,111,109,-1.0,-0.0,183.5,182.5,win,over
2007_08,2008-01-21,Indiana,Philadelphia,110,103,-3.0,-3.5,204.5,203.0,loss,over
2007_08,2008-01-21,Seattle,Houston,89,96,-12.5,-12.0,194.5,196.5,loss,under
2007_08,2008-01-21,Milwaukee,NewOrleans,92,106,-9.0,-11.0,194.5,192.0,win,over
2007_08,2008-01-21,Utah,LAClippers,109,93,4.0,2.5,198.0,196.5,win,over
2007_08,2008-01-21,Minnesota,GoldenState,109,108,-13.5,-11.0,214.5,213.5,loss,over
2007_08,2008-01-21,Chicago,Memphis,90,104,-1.5,-1.5,205.0,205.5,win,under
2007_08,2008-01-21,Detroit,Orlando,100,102,3.0,2.5,191.5,192.0,loss,over
2007_08,2008-01-21,Cleveland,Miami,97,90,4.0,3.0,187.5,187.5,win,under
2007_08,2008-01-21,Denver,LALakers,99,116,-4.5,-2.5,223.5,225.0,win,under
2007_08,2008-01-22,Phoenix,Milwaukee,114,105,8.0,8.5,215.5,214.0,win,over
2007_08,2008-01-22,NewJersey,Sacramento,94,128,-5.5,-5.5,199.5,202.0,win,over
2007_08,2008-01-23,Detroit,Philadelphia,86,78,6.0,7.5,187.0,185.5,win,under
2007_08,2008-01-23,Dallas,Charlotte,102,95,7.0,6.0,189.5,193.0,win,over
2007_08,2008-01-23,Washington,Cleveland,85,121,-5.0,-4.5,186.0,188.0,win,over
2007_08,2008-01-23,Toronto,Boston,114,112,-9.0,-8.0,184.5,186.0,loss,over
2007_08,2008-01-23,Orlando,Memphis,112,85,3.0,3.5,212.0,214.5,win,under
2007_08,2008-01-23,Portland,NewOrleans,81,96,-6.0,-7.5,189.5,189.0,win,under
2007_08,2008-01-23,Phoenix,Minnesota,107,117,8.5,8.5,213.0,214.0,loss,over
2007_08,2008-01-23,Indiana,Chicago,95,108,-3.5,-4.5,207.5,203.0,win,under
2007_08,2008-01-23,LALakers,SanAntonio,91,103,-6.5,-8.0,198.5,196.0,win,under
2007_08,2008-01-23,Atlanta,Denver,100,107,-5.0,-5.5,203.0,201.0,win,over
2007_08,2008-01-23,Houston,Seattle,109,107,5.5,6.0,192.5,195.0,loss,over
2007_08,2008-01-23,Sacramento,LAClippers,85,111,-0.0,2.5,199.0,199.5,loss,under
2007_08,2008-01-24,SanAntonio,Miami,90,89,8.0,9.5,184.5,184.5,loss,under
2007_08,2008-01-24,Indiana,Milwaukee,92,104,-5.0,-5.0,210.5,209.0,win,under
2007_08,2008-01-24,NewJersey,GoldenState,119,121,-9.0,-10.0,214.5,217.0,loss,over
2007_08,2008-01-25,Phoenix,Cleveland,110,108,2.5,1.0,212.5,211.5,win,over
2007_08,2008-01-25,Memphis,Washington,93,104,-8.5,-9.0,204.5,207.0,win,under
2007_08,2008-01-25,Milwaukee,Toronto,75,106,-9.5,-10.5,197.0,195.5,win,under
2007_08,2008-01-25,Philadelphia,NewYork,81,89,-2.0,-2.5,192.5,195.0,win,under
2007_08,2008-01-25,Minnesota,Boston,86,87,-14.0,-14.0,192.5,191.0,loss,under
2007_08,2008-01-25,Orlando,Detroit,93,101,-7.5,-7.0,192.0,193.0,win,over
2007_08,2008-01-25,LAClippers,NewOrleans,92,111,-11.0,-9.5,189.0,190.0,win,over
2007_08,2008-01-25,LALakers,Dallas,105,112,-7.0,-7.0,206.0,205.0,loss,over
2007_08,2008-01-25,Charlotte,Chicago,90,77,-1.5,-3.5,188.0,190.0,loss,under
2007_08,2008-01-25,NewJersey,Denver,85,100,-7.5,-9.0,209.5,209.0,win,under
2007_08,2008-01-25,Sacramento,Utah,113,127,-8.0,-8.5,213.5,214.5,win,over
2007_08,2008-01-25,Houston,Portland,89,79,-2.0,-2.0,184.5,184.5,loss,under
2007_08,2008-01-25,Atlanta,Seattle,99,90,1.5,3.5,198.5,199.5,win,under
2007_08,2008-01-26,Indiana,Miami,96,98,1.0,-1.0,202.0,202.0,win,under
2007_08,2008-01-26,Philadelphia,Charlotte,103,96,-4.5,-6.0,190.5,188.0,loss,over
2007_08,2008-01-26,LAClippers,Memphis,120,125,-4.0,-3.0,201.0,201.5,win,over
2007_08,2008-01-26,NewOrleans,SanAntonio,102,78,-6.0,-6.0,185.5,183.5,loss,under
2007_08,2008-01-27,Phoenix,Chicago,88,77,6.0,7.5,209.5,208.5,win,under
2007_08,2008-01-27,Cleveland,LALakers,98,95,-5.0,-4.0,204.0,203.0,loss,under
2007_08,2008-01-27,Boston,Orlando,93,96,3.0,-2.5,195.0,191.5,win,under
2007_08,2008-01-27,Washington,Milwaukee,102,105,1.5,3.0,193.0,192.0,loss,over
2007_08,2008-01-27,Atlanta,Portland,93,94,-6.0,-6.0,183.0,183.0,loss,over
2007_08,2008-01-27,Denver,Dallas,85,90,-9.5,-10.5,209.0,209.0,loss,under
2007_08,2008-01-27,NewJersey,Minnesota,95,98,-0.0,1.5,192.5,192.5,loss,over
2007_08,2008-01-27,Utah,Houston,97,89,-2.5,-0.0,197.0,196.0,win,under
2007_08,2008-01-27,Sacramento,Seattle,103,101,3.5,5.5,212.5,215.0,loss,under
2007_08,2008-01-27,NewYork,GoldenState,104,106,-10.5,-10.0,216.0,218.5,loss,under
2007_08,2008-01-28,Denver,NewOrleans,93,117,-8.0,-10.0,206.0,204.5,win,over
2007_08,2008-01-28,Dallas,Memphis,103,84,7.0,5.5,207.0,201.0,win,under
2007_08,2008-01-28,SanAntonio,Utah,91,97,-1.5,-3.0,196.0,193.5,win,under
2007_08,2008-01-28,Charlotte,LAClippers,107,100,-2.5,-1.5,190.0,189.0,loss,over
2007_08,2008-01-29,Detroit,Indiana,110,104,8.5,7.0,194.0,194.5,loss,over
2007_08,2008-01-29,Toronto,Washington,104,108,-2.5,3.0,192.5,190.0,loss,over
2007_08,2008-01-29,Boston,Miami,117,87,7.0,4.0,183.0,182.0,win,over
2007_08,2008-01-29,Milwaukee,NewJersey,80,87,-7.0,-6.0,191.5,188.5,win,under
2007_08,2008-01-29,Minnesota,Chicago,85,96,-2.5,-4.0,188.0,188.0,win,under
2007_08,2008-01-29,GoldenState,Houston,107,111,-4.5,-2.5,203.0,206.0,win,over
2007_08,2008-01-29,Atlanta,Phoenix,92,125,-9.5,-10.0,207.5,210.5,win,over
2007_08,2008-01-29,SanAntonio,Seattle,85,88,8.5,7.0,194.5,191.5,loss,under
2007_08,2008-01-29,NewYork,LALakers,109,120,-9.5,-9.0,206.5,207.5,win,over
2007_08,2008-01-30,Miami,Orlando,91,107,-12.0,-16.0,196.5,198.0,loss,under
2007_08,2008-01-30,Washington,Toronto,83,122,-5.0,-11.0,192.0,192.0,win,over
2007_08,2008-01-30,Milwaukee,Philadelphia,69,112,-6.5,-9.0,187.0,185.5,win,under
2007_08,2008-01-30,Denver,Memphis,106,102,2.0,4.5,217.0,214.5,loss,under
2007_08,2008-01-30,Chicago,Minnesota,67,83,-3.5,-4.5,186.5,185.0,win,under
2007_08,2008-01-30,GoldenState,NewOrleans,116,103,-8.5,-9.0,214.0,218.5,loss,over
2007_08,2008-01-30,Cleveland,Portland,84,83,-3.0,-3.0,185.0,187.5,loss,under
2007_08,2008-01-30,NewYork,Utah,89,100,-12.5,-13.5,205.0,207.5,loss,under
2007_08,2008-01-30,Charlotte,Sacramento,91,105,-5.5,-8.0,204.5,208.0,win,under
2007_08,2008-01-30,Atlanta,LAClippers,88,95,-0.0,4.0,186.5,186.0,loss,under
2007_08,2008-01-31,LALakers,Detroit,89,90,-7.0,-8.5,197.0,197.0,loss,under
2007_08,2008-01-31,Dallas,Boston,90,96,-1.0,2.0,184.5,187.0,loss,under
2007_08,2008-01-31,Cleveland,Seattle,95,101,4.5,-2.0,196.5,192.0,win,over
2007_08,2008-01-31,SanAntonio,Phoenix,84,81,-7.5,-7.5,200.0,201.5,loss,under
2007_08,2008-02-01,LALakers,Toronto,121,101,-5.5,-7.0,204.5,205.5,loss,over
2007_08,2008-02-01,Houston,Indiana,106,103,4.0,4.0,198.0,202.5,loss,over
2007_08,2008-02-01,Utah,Washington,96,87,4.5,5.5,201.0,200.5,win,under
2007_08,2008-02-01,Orlando,Philadelphia,108,106,3.5,4.0,198.5,196.5,loss,over
2007_08,2008-02-01,NewJersey,Miami,94,85,4.5,3.0,189.0,193.0,win,under
2007_08,2008-02-01,LAClippers,Minnesota,83,104,-7.0,-7.0,187.0,188.0,win,under
2007_08,2008-02-01,NewOrleans,Sacramento,103,112,3.5,2.5,204.0,203.5,loss,over
2007_08,2008-02-01,Charlotte,GoldenState,96,127,-9.0,-8.5,218.0,220.0,win,over
2007_08,2008-02-01,NewYork,Portland,88,94,-8.0,-7.5,191.0,189.5,loss,under
2007_08,2008-02-02,Orlando,Indiana,121,115,3.5,3.5,212.5,214.5,win,over
2007_08,2008-02-02,NewJersey,Atlanta,92,104,-5.5,-7.0,187.5,191.0,win,over
2007_08,2008-02-02,LAClippers,Cleveland,84,98,-8.5,-11.5,182.0,185.5,win,under
2007_08,2008-02-02,Utah,Memphis,110,91,8.5,7.5,208.0,208.5,win,under
2007_08,2008-02-02,Houston,Milwaukee,91,83,5.5,7.0,187.5,183.5,win,under
2007_08,2008-02-02,Charlotte,Denver,101,117,-12.0,-13.0,214.0,212.0,win,over
2007_08,2008-02-02,NewYork,Seattle,85,86,-3.0,-3.5,200.0,201.5,loss,under
2007_08,2008-02-02,Chicago,Sacramento,101,105,-7.0,-8.0,200.0,199.0,loss,over
2007_08,2008-02-03,LALakers,Washington,103,91,5.0,3.0,203.5,204.0,win,under
2007_08,2008-02-03,Dallas,Detroit,67,90,-5.0,-5.5,186.0,183.5,win,under
2007_08,2008-02-04,Philadelphia,Atlanta,91,96,-5.0,-4.5,189.5,187.5,win,under
2007_08,2008-02-04,Dallas,Orlando,107,98,-2.5,-4.0,201.0,196.0,loss,over
2007_08,2008-02-04,Toronto,Miami,114,82,7.5,9.0,191.5,195.5,win,over
2007_08,2008-02-04,LAClippers,NewYork,103,94,-5.5,-6.5,189.5,187.0,loss,over
2007_08,2008-02-04,Houston,Minnesota,92,86,5.5,6.0,190.5,188.5,loss,under
2007_08,2008-02-04,NewOrleans,Utah,88,110,-3.5,-2.0,203.0,203.0,win,under
2007_08,2008-02-04,Charlotte,Phoenix,104,118,-14.0,-14.0,214.0,220.0,loss,over
2007_08,2008-02-04,Denver,Portland,105,103,-3.0,-3.5,203.5,203.5,loss,over
2007_08,2008-02-04,Chicago,Seattle,118,108,-0.0,2.0,193.0,194.0,win,over
2007_08,2008-02-05,Boston,Cleveland,113,114,-2.0,-3.0,186.0,186.5,loss,over
2007_08,2008-02-05,Washington,Philadelphia,96,101,1.0,2.0,190.5,190.0,loss,over
2007_08,2008-02-05,SanAntonio,Indiana,116,89,3.5,5.5,194.5,193.5,win,over
2007_08,2008-02-05,LALakers,NewJersey,105,90,4.5,6.5,203.5,209.0,win,under
2007_08,2008-02-05,Milwaukee,Memphis,102,97,-3.5,-4.5,200.0,194.5,loss,over
2007_08,2008-02-06,LALakers,Atlanta,95,98,3.0,3.5,204.0,203.0,loss,under
2007_08,2008-02-06,SanAntonio,Washington,85,77,2.5,7.0,183.5,183.5,win,under
2007_08,2008-02-06,NewJersey,Orlando,84,100,-10.5,-10.5,203.0,201.5,win,under
2007_08,2008-02-06,LAClippers,Boston,100,111,-8.0,-7.5,183.5,185.5,win,over
2007_08,2008-02-06,Indiana,NewYork,103,100,-3.0,-3.5,207.0,207.5,loss,under
2007_08,2008-02-06,Miami,Detroit,95,100,-16.0,-15.5,185.5,186.0,loss,over
2007_08,2008-02-06,Milwaukee,Dallas,96,107,-14.0,-14.5,188.0,187.0,loss,over
2007_08,2008-02-06,Utah,Denver,118,115,-2.0,-2.5,219.0,217.5,loss,over
2007_08,2008-02-06,NewOrleans,Phoenix,132,130,-6.0,-5.0,215.5,213.5,loss,over
2007_08,2008-02-06,Chicago,Portland,97,100,-6.0,-6.5,185.5,185.5,loss,over
2007_08,2008-02-06,Seattle,Sacramento,105,92,-9.5,-9.0,211.0,211.5,loss,under
2007_08,2008-02-07,Miami,Philadelphia,84,101,-9.5,-9.5,189.5,193.5,win,under
2007_08,2008-02-07,Cleveland,Houston,77,92,-5.5,-5.5,185.5,184.5,win,under
2007_08,2008-02-07,Chicago,GoldenState,114,108,-13.0,-12.5,212.5,210.5,loss,over
2007_08,2008-02-08,LALakers,Orlando,117,113,-2.0,-0.0,213.0,213.0,win,over
2007_08,2008-02-08,LAClippers,Toronto,102,98,-10.0,-9.5,194.5,195.5,loss,over
2007_08,2008-02-08,NewJersey,Charlotte,104,90,-5.0,-3.5,196.0,194.0,loss,under
2007_08,2008-02-08,SanAntonio,NewYork,99,93,6.5,7.0,185.0,181.0,loss,over
2007_08,2008-02-08,Cleveland,Atlanta,100,95,-2.0,-4.0,186.5,186.5,loss,over
2007_08,2008-02-08,Portland,Detroit,82,91,-11.0,-11.5,180.5,179.5,loss,under
2007_08,2008-02-08,Boston,Minnesota,88,86,6.5,5.5,189.0,191.0,loss,under
2007_08,2008-02-08,Memphis,Dallas,81,92,-13.0,-12.0,200.0,201.0,loss,under
2007_08,2008-02-08,Seattle,Phoenix,99,103,-14.0,-11.5,220.0,218.5,loss,under
2007_08,2008-02-08,Utah,Sacramento,104,117,2.0,1.5,213.0,211.5,loss,over
2007_08,2008-02-08,Washington,Denver,100,111,-11.0,-11.0,209.0,208.5,loss,over
2007_08,2008-02-09,Portland,Indiana,93,101,-2.0,-5.5,197.0,199.0,win,under
2007_08,2008-02-09,LAClippers,Philadelphia,80,101,-7.0,-6.5,193.0,193.5,win,under
2007_08,2008-02-09,Memphis,NewOrleans,99,112,-13.5,-14.0,203.0,202.5,loss,over
2007_08,2008-02-09,Atlanta,Houston,89,108,-8.0,-9.0,182.5,185.0,win,over
2007_08,2008-02-09,NewYork,Milwaukee,99,98,-6.0,-6.0,192.0,192.0,loss,over
2007_08,2008-02-09,Chicago,Utah,87,97,-12.0,-12.0,203.0,201.0,loss,under
2007_08,2008-02-09,Sacramento,GoldenState,102,105,-7.5,-7.5,223.5,226.5,loss,under
2007_08,2008-02-10,Denver,Cleveland,113,83,-2.0,-0.0,204.5,205.5,win,under
2007_08,2008-02-10,LALakers,Miami,104,94,9.0,7.5,205.5,208.5,win,under
2007_08,2008-02-10,Dallas,NewJersey,82,101,6.0,6.0,188.5,188.5,loss,under
2007_08,2008-02-10,Charlotte,Detroit,87,113,-13.0,-12.5,187.0,188.0,win,over
2007_08,2008-02-10,Toronto,Minnesota,105,82,5.0,6.0,191.0,193.5,win,under
2007_08,2008-02-10,SanAntonio,Boston,90,98,-1.5,2.0,179.0,177.0,loss,over
2007_08,2008-02-10,Washington,Phoenix,107,108,-12.5,-11.0,211.0,209.5,loss,over
2007_08,2008-02-11,Dallas,Philadelphia,76,84,4.0,2.5,187.5,187.5,loss,under
2007_08,2008-02-11,Cleveland,Orlando,118,111,-9.0,-9.0,195.5,197.5,loss,over
2007_08,2008-02-11,SanAntonio,Toronto,93,88,1.0,-0.0,183.5,183.5,win,under
2007_08,2008-02-11,LALakers,Charlotte,106,97,6.5,8.5,209.5,208.5,win,under
2007_08,2008-02-11,LAClippers,Milwaukee,96,89,-4.5,-3.5,190.5,192.0,loss,under
2007_08,2008-02-11,Portland,Houston,83,95,-7.5,-8.0,184.5,182.0,win,under
2007_08,2008-02-11,Washington,GoldenState,117,120,-8.5,-11.5,213.0,215.5,loss,over
2007_08,2008-02-12,Detroit,Atlanta,94,90,5.0,5.0,184.5,183.0,loss,over
2007_08,2008-02-12,Boston,Indiana,104,97,4.5,4.0,199.0,206.5,win,under
2007_08,2008-02-12,Denver,Miami,114,113,5.5,5.5,209.5,211.0,loss,over
2007_08,2008-02-12,Minnesota,NewJersey,88,92,-6.0,-7.5,189.0,187.0,loss,under
2007_08,2008-02-12,Sacramento,Memphis,94,107,4.5,5.5,210.5,211.5,loss,under
2007_08,2008-02-12,NewOrleans,Chicago,100,86,5.0,6.5,193.5,188.5,win,under
2007_08,2008-02-13,SanAntonio,Cleveland,112,105,2.0,3.5,180.5,177.0,win,over
2007_08,2008-02-13,Memphis,Philadelphia,88,102,-10.0,-9.5,196.0,196.0,win,under
2007_08,2008-02-13,Denver,Orlando,98,109,-5.0,-6.0,218.5,218.5,win,under
2007_08,2008-02-13,NewJersey,Toronto,91,109,-9.0,-10.0,192.0,190.0,win,over
2007_08,2008-02-13,Atlanta,Charlotte,98,100,-1.5,-1.0,189.0,193.0,win,over
2007_08,2008-02-13,Indiana,Detroit,80,96,-10.5,-10.0,197.0,198.0,win,under
2007_08,2008-02-13,NewYork,Boston,103,111,-9.0,-8.0,189.0,193.0,loss,over
2007_08,2008-02-13,NewOrleans,Milwaukee,111,107,4.5,6.5,194.0,191.0,loss,over
2007_08,2008-02-13,LALakers,Minnesota,117,92,9.5,10.0,201.5,203.0,win,over
2007_08,2008-02-13,Portland,Dallas,76,96,-8.0,-3.0,185.0,180.0,win,under
2007_08,2008-02-13,Sacramento,Houston,87,89,-8.0,-9.5,196.5,199.0,loss,under
2007_08,2008-02-13,Phoenix,GoldenState,118,120,-1.5,-3.0,231.5,234.0,loss,over
2007_08,2008-02-13,Utah,Seattle,112,93,7.0,7.0,208.0,207.5,win,under
2007_08,2008-02-13,Washington,LAClippers,91,89,-3.5,-3.5,194.5,193.0,loss,under
2007_08,2008-02-14,Miami,Chicago,92,99,-4.0,2.0,192.0,195.0,loss,under
2007_08,2008-02-14,Dallas,Phoenix,97,109,-6.5,-7.5,206.0,203.5,win,over
2007_08,2008-02-19,NewYork,Washington,113,100,-6.5,-5.5,197.0,194.0,loss,over
2007_08,2008-02-19,Houston,Cleveland,93,85,1.0,1.0,185.5,184.5,win,under
2007_08,2008-02-19,Orlando,Detroit,103,85,-7.0,-6.5,194.5,195.5,loss,under
2007_08,2008-02-19,Philadelphia,Minnesota,88,104,3.0,3.0,186.0,186.5,loss,over
2007_08,2008-02-19,Charlotte,SanAntonio,65,85,-11.5,-11.0,186.0,185.0,win,under
2007_08,2008-02-19,Boston,Denver,118,124,0.0,0.0,208.0,208.0,loss,over
2007_08,2008-02-19,GoldenState,Utah,109,119,-6.5,-7.0,224.5,225.0,win,over
2007_08,2008-02-19,Sacramento,Portland,105,94,-4.5,-4.5,194.5,193.5,loss,over
2007_08,2008-02-19,Memphis,Seattle,101,108,-5.5,-5.0,206.5,205.0,win,over
2007_08,2008-02-19,Atlanta,LALakers,93,122,-10.5,-11.0,205.0,208.0,win,over
2007_08,2008-02-20,NewYork,Philadelphia,84,124,-6.5,-7.0,190.5,192.5,win,over
2007_08,2008-02-20,Orlando,Toronto,110,127,-5.5,-3.5,206.0,205.5,win,over
2007_08,2008-02-20,Cleveland,Indiana,106,97,2.0,1.5,202.0,203.5,win,under
2007_08,2008-02-20,Chicago,NewJersey,102,110,1.0,3.0,190.5,188.5,loss,over
2007_08,2008-02-20,Detroit,Milwaukee,98,103,6.0,6.5,189.0,186.0,loss,over
2007_08,2008-02-20,Dallas,NewOrleans,93,104,-2.0,-4.0,191.5,193.0,win,over
2007_08,2008-02-20,LALakers,Phoenix,130,124,-4.0,-3.0,223.0,223.5,loss,over
2007_08,2008-02-20,Atlanta,Sacramento,107,119,-5.0,-7.5,199.0,200.5,win,over
2007_08,2008-02-20,Memphis,LAClippers,86,100,-8.0,-8.5,198.0,197.5,win,under
2007_08,2008-02-20,Boston,GoldenState,117,119,1.0,3.0,216.0,217.5,loss,over
2007_08,2008-02-21,SanAntonio,Minnesota,100,99,9.0,8.5,183.0,179.5,loss,over
2007_08,2008-02-21,Miami,Houston,100,112,-12.0,-10.5,187.5,190.0,win,over
2007_08,2008-02-21,Seattle,Portland,88,92,-6.0,-9.0,191.5,191.0,loss,under
2007_08,2008-02-22,Sacramento,Charlotte,116,115,2.0,1.0,202.5,202.5,loss,over
2007_08,2008-02-22,NewJersey,Indiana,103,113,-4.5,-5.5,199.5,203.5,win,over
2007_08,2008-02-22,Philadelphia,Orlando,99,115,-7.5,-7.0,201.5,203.0,win,over
2007_08,2008-02-22,Washington,Cleveland,89,90,-2.5,-3.5,189.0,188.0,loss,under
2007_08,2008-02-22,Toronto,NewYork,99,103,5.0,5.0,198.5,197.0,loss,over
2007_08,2008-02-22,Denver,Chicago,121,135,2.5,4.0,208.5,208.5,loss,over
2007_08,2008-02-22,Houston,NewOrleans,100,80,-4.5,-4.0,188.0,190.0,loss,under
2007_08,2008-02-22,Milwaukee,Detroit,100,127,-11.5,-12.5,187.5,190.5,win,over
2007_08,2008-02-22,Dallas,Memphis,98,83,7.5,9.5,199.0,197.0,win,under
2007_08,2008-02-22,Utah,LAClippers,104,114,5.5,6.0,200.0,199.5,loss,over
2007_08,2008-02-22,Portland,Seattle,87,99,2.5,2.5,191.0,188.5,loss,under
2007_08,2008-02-22,Boston,Phoenix,77,85,-2.0,-1.0,218.0,216.5,win,under
2007_08,2008-02-22,Atlanta,GoldenState,117,110,-8.5,-7.0,218.0,219.5,loss,over
2007_08,2008-02-23,Charlotte,Washington,95,110,-7.0,-7.5,195.5,192.0,win,over
2007_08,2008-02-23,Indiana,NewJersey,91,102,-3.5,-4.0,200.0,203.5,win,under
2007_08,2008-02-23,Philadelphia,Miami,101,96,-1.0,-2.0,193.5,194.0,loss,over
2007_08,2008-02-23,NewOrleans,SanAntonio,89,98,-6.0,-7.0,187.5,183.5,win,over
2007_08,2008-02-23,Denver,Milwaukee,109,115,4.0,3.5,210.5,214.0,loss,over
2007_08,2008-02-23,Atlanta,Utah,94,100,-13.5,-13.5,208.0,206.0,loss,under
2007_08,2008-02-23,LALakers,LAClippers,113,95,9.0,10.5,205.5,210.5,win,under
2007_08,2008-02-24,Detroit,Phoenix,116,86,-2.0,-2.5,200.5,201.5,loss,over
2007_08,2008-02-24,NewYork,Toronto,92,115,-11.5,-12.0,200.5,201.0,win,over
2007_08,2008-02-24,Memphis,Cleveland,89,109,-11.5,-11.5,196.0,195.5,win,over
2007_08,2008-02-24,Boston,Portland,112,102,5.5,5.5,186.0,186.0,win,over
2007_08,2008-02-24,Sacramento,Orlando,93,112,-6.5,-7.5,217.0,217.0,win,under
2007_08,2008-02-24,Dallas,Minnesota,99,83,6.5,7.5,189.5,190.5,win,under
2007_08,2008-02-24,Chicago,Houston,97,110,-9.0,-9.5,188.5,192.0,win,over
2007_08,2008-02-24,LALakers,Seattle,111,91,9.0,11.0,216.0,212.5,win,under
2007_08,2008-02-25,Toronto,Indiana,102,98,3.0,3.0,207.0,207.5,win,under
2007_08,2008-02-25,Washington,NewOrleans,95,92,-10.0,-11.5,195.5,195.0,loss,under
2007_08,2008-02-25,Chicago,Dallas,94,102,-9.0,-10.0,196.0,195.0,loss,over
2007_08,2008-02-25,Atlanta,SanAntonio,74,89,-12.0,-12.0,186.5,186.0,win,under
2007_08,2008-02-25,Detroit,Denver,98,93,-2.0,-2.5,206.5,207.5,loss,under
2007_08,2008-02-25,Boston,LAClippers,104,76,8.5,9.0,194.0,196.0,win,under
2007_08,2008-02-26,Sacramento,Miami,86,107,2.0,1.5,203.5,203.0,loss,under
2007_08,2008-02-26,Orlando,NewJersey,102,92,4.5,6.0,203.5,202.5,win,under
2007_08,2008-02-26,Utah,Minnesota,100,111,8.0,7.0,199.0,200.0,loss,over
2007_08,2008-02-26,Cleveland,Milwaukee,102,105,2.5,1.5,198.0,196.5,loss,over
2007_08,2008-02-26,Phoenix,Memphis,127,113,9.5,11.5,212.0,216.0,win,over
2007_08,2008-02-26,Washington,Houston,69,94,-12.5,-10.5,190.5,189.0,win,under
2007_08,2008-02-26,Seattle,GoldenState,99,105,-11.5,-15.0,224.0,223.0,loss,under
2007_08,2008-02-26,Portland,LALakers,83,96,-15.5,-15.5,200.0,203.0,loss,under
2007_08,2008-02-27,Minnesota,Toronto,85,107,-12.5,-11.5,195.5,198.5,win,under
2007_08,2008-02-27,Sacramento,Atlanta,117,123,-3.5,-5.5,203.0,202.0,win,over
2007_08,2008-02-27,Chicago,Indiana,113,107,-1.5,-1.0,208.5,208.5,loss,over
2007_08,2008-02-27,Orlando,Philadelphia,89,101,1.5,1.0,202.0,202.0,loss,under
2007_08,2008-02-27,Charlotte,NewYork,89,113,-5.5,-7.5,197.0,197.5,win,over
2007_08,2008-02-27,Cleveland,Boston,87,92,-7.5,-10.0,195.0,191.5,loss,under
2007_08,2008-02-27,Phoenix,NewOrleans,103,120,-4.0,-3.5,210.0,216.5,win,over
2007_08,2008-02-27,Detroit,Utah,95,103,-1.5,-2.0,198.0,196.5,win,over
2007_08,2008-02-27,Denver,Seattle,138,96,9.0,9.5,212.5,215.0,win,over
2007_08,2008-02-27,Portland,LAClippers,82,80,-3.5,-2.0,184.0,182.0,loss,under
2007_08,2008-02-28,Milwaukee,NewJersey,106,120,-3.0,-3.0,197.0,196.5,win,over
2007_08,2008-02-28,Dallas,SanAntonio,94,97,-5.0,-4.5,182.0,182.0,loss,over
2007_08,2008-02-28,Miami,LALakers,88,106,-14.5,-14.0,207.5,211.0,win,under
2007_08,2008-02-29,Indiana,Toronto,122,111,-10.0,-11.0,208.0,208.0,loss,over
2007_08,2008-02-29,Charlotte,Boston,100,108,-16.5,-18.0,196.0,195.5,loss,over
2007_08,2008-02-29,NewYork,Atlanta,93,99,-6.5,-6.5,199.5,202.0,loss,under
2007_08,2008-02-29,Minnesota,Cleveland,84,92,-11.5,-9.5,192.0,190.5,loss,under
2007_08,2008-02-29,Washington,Chicago,97,91,-5.0,-6.0,197.5,198.0,loss,under
2007_08,2008-02-29,Utah,NewOrleans,98,110,-3.5,-5.0,204.5,208.5,win,under
2007_08,2008-02-29,Memphis,Houston,95,116,-13.0,-13.5,194.0,193.5,win,over
2007_08,2008-02-29,Sacramento,Dallas,106,115,-9.5,-9.5,201.0,202.5,loss,over
2007_08,2008-02-29,LALakers,Portland,111,119,8.5,6.0,196.5,196.5,loss,over
2007_08,2008-02-29,LAClippers,Denver,104,110,-13.5,-14.0,209.0,214.0,loss,under
2007_08,2008-02-29,Miami,Seattle,103,93,-1.0,2.0,199.0,195.0,win,over
2007_08,2008-02-29,Philadelphia,GoldenState,97,119,-6.0,-5.0,216.5,217.0,win,under
2007_08,2008-03-01,NewYork,Orlando,92,118,-11.5,-11.5,208.0,209.0,win,over
2007_08,2008-03-01,Utah,Memphis,113,92,9.5,9.5,210.0,211.0,win,under
2007_08,2008-03-01,SanAntonio,Milwaukee,96,94,6.0,6.5,190.5,191.5,loss,under
2007_08,2008-03-01,Philadelphia,Phoenix,119,114,-10.0,-9.5,213.0,212.0,loss,over
2007_08,2008-03-01,Detroit,LAClippers,103,73,7.5,7.5,185.5,183.5,win,under
2007_08,2008-03-02,Chicago,Cleveland,86,95,-5.5,-4.0,194.5,195.0,win,under
2007_08,2008-03-02,Dallas,LALakers,104,108,-6.5,-6.5,208.5,207.5,loss,over
2007_08,2008-03-02,Atlanta,Boston,88,98,-11.0,-11.5,197.0,198.5,loss,under
2007_08,2008-03-02,Toronto,Charlotte,98,110,4.0,3.5,197.5,200.5,loss,over
2007_08,2008-03-02,Milwaukee,Indiana,106,128,-5.0,-6.0,212.5,216.5,win,over
2007_08,2008-03-02,SanAntonio,NewJersey,93,83,5.0,4.5,184.5,183.0,win,under
2007_08,2008-03-02,NewOrleans,Washington,84,101,5.0,8.0,193.5,194.0,loss,under
2007_08,2008-03-02,Seattle,Minnesota,111,108,-5.5,-8.0,192.5,194.5,loss,over
2007_08,2008-03-02,Denver,Houston,89,103,-4.0,-5.0,206.0,207.5,win,under
2007_08,2008-03-02,Portland,GoldenState,104,110,-5.0,-6.5,212.0,211.0,loss,over
2007_08,2008-03-02,Miami,Sacramento,109,120,-5.5,-7.0,204.5,204.5,win,over
2007_08,2008-03-03,NewOrleans,NewYork,100,88,6.0,7.5,198.0,194.5,win,under
2007_08,2008-03-03,Dallas,Utah,110,116,-6.0,-5.5,204.5,200.0,win,over
2007_08,2008-03-03,Philadelphia,LAClippers,106,80,2.0,3.5,189.5,189.0,win,under
2007_08,2008-03-04,GoldenState,Atlanta,135,118,1.0,-2.0,220.0,223.5,loss,over
2007_08,2008-03-04,Toronto,Orlando,87,102,-8.0,-9.0,209.0,209.5,win,under
2007_08,2008-03-04,Seattle,Detroit,97,100,-14.0,-15.0,194.0,193.0,loss,over
2007_08,2008-03-04,Charlotte,Minnesota,109,89,-5.0,-5.5,197.0,199.5,loss,under
2007_08,2008-03-04,Memphis,Chicago,97,112,-11.5,-12.0,205.0,207.5,win,over
2007_08,2008-03-04,NewJersey,SanAntonio,70,81,-12.0,-11.0,184.0,185.5,loss,under
2007_08,2008-03-04,Phoenix,Portland,97,92,3.5,2.5,208.5,208.0,win,under
2007_08,2008-03-04,LALakers,Sacramento,117,105,6.5,5.5,219.0,222.5,win,under
2007_08,2008-03-05,GoldenState,Charlotte,109,118,5.5,5.0,221.0,223.5,loss,over
2007_08,2008-03-05,Orlando,Washington,122,92,2.0,2.5,203.0,200.5,win,over
2007_08,2008-03-05,Cleveland,NewYork,119,105,4.5,5.0,193.0,191.0,win,over
2007_08,2008-03-05,Toronto,Miami,108,83,-2.0,-3.0,198.0,196.0,loss,under
2007_08,2008-03-05,Detroit,Boston,78,90,-4.0,-4.0,184.0,183.0,win,under
2007_08,2008-03-05,NewJersey,Memphis,93,100,3.5,2.5,201.0,200.0,loss,under
2007_08,2008-03-05,Seattle,Milwaukee,106,118,-9.0,-9.0,207.5,209.0,win,over
2007_08,2008-03-05,Atlanta,NewOrleans,101,116,-9.5,-8.5,196.0,199.5,win,over
2007_08,2008-03-05,Indiana,Houston,99,117,-11.0,-10.0,201.0,203.0,win,over
2007_08,2008-03-05,Phoenix,Denver,113,126,-5.5,-7.0,229.5,229.0,win,over
2007_08,2008-03-05,Minnesota,Utah,76,105,-14.5,-14.0,203.5,206.5,win,under
2007_08,2008-03-05,Sacramento,LAClippers,109,116,2.5,3.0,201.5,198.0,loss,over
2007_08,2008-03-06,Cleveland,Chicago,96,107,-4.0,-4.5,193.5,198.0,win,over
2007_08,2008-03-06,Indiana,SanAntonio,97,108,-13.0,-13.0,196.0,197.5,loss,over
2007_08,2008-03-06,Houston,Dallas,113,98,-1.0,-1.0,186.5,183.0,loss,over
2007_08,2008-03-07,Atlanta,Charlotte,93,108,-2.0,-1.0,204.5,204.5,win,under
2007_08,2008-03-07,Washington,Toronto,110,106,-5.0,-6.0,193.5,193.5,loss,over
2007_08,2008-03-07,Seattle,Philadelphia,83,117,-10.5,-11.0,200.0,203.0,win,under
2007_08,2008-03-07,Detroit,NewYork,101,97,9.5,10.0,193.5,190.0,loss,over
2007_08,2008-03-07,GoldenState,Miami,134,99,4.5,8.5,220.5,221.5,win,over
2007_08,2008-03-07,Chicago,Boston,93,116,-11.0,-11.0,197.0,199.0,win,over
2007_08,2008-03-07,NewJersey,NewOrleans,96,107,-9.0,-9.0,192.5,192.5,win,over
2007_08,2008-03-07,Portland,Milwaukee,103,101,-2.5,1.0,197.5,197.0,win,over
2007_08,2008-03-07,Utah,Phoenix,126,118,-3.5,-5.5,222.0,223.0,loss,over
2007_08,2008-03-07,Minnesota,Sacramento,111,103,-7.5,-7.5,202.0,201.5,loss,over
2007_08,2008-03-07,SanAntonio,Denver,96,109,-1.5,-2.5,201.5,200.5,win,over
2007_08,2008-03-07,LAClippers,LALakers,82,119,-15.0,-15.5,208.0,206.0,win,under
2007_08,2008-03-08,Indiana,Cleveland,95,103,-7.5,-7.0,207.0,208.5,win,under
2007_08,2008-03-08,Miami,Atlanta,94,97,-7.0,-8.5,202.0,200.5,loss,under
2007_08,2008-03-08,GoldenState,Orlando,104,95,-7.5,-6.0,230.0,230.5,loss,under
2007_08,2008-03-08,Charlotte,Washington,100,97,-7.5,-5.5,196.0,196.5,loss,over
2007_08,2008-03-08,Portland,NewYork,120,114,3.0,4.0,193.0,188.5,win,over
2007_08,2008-03-08,Boston,Memphis,119,89,11.0,11.0,200.0,202.0,win,over
2007_08,2008-03-08,NewOrleans,Houston,96,106,-7.0,-5.5,192.0,190.0,win,over
2007_08,2008-03-08,NewJersey,Dallas,91,111,-11.5,-14.0,194.0,197.0,win,over
2007_08,2008-03-08,Denver,Utah,105,132,-5.5,-5.5,223.5,224.5,win,over
2007_08,2008-03-08,Minnesota,LAClippers,99,96,-5.5,-4.0,187.0,184.0,loss,over
2007_08,2008-03-09,Seattle,Toronto,106,114,-10.5,-11.5,203.5,202.5,loss,over
2007_08,2008-03-09,Philadelphia,Milwaukee,119,97,2.0,3.0,204.0,202.0,win,over
2007_08,2008-03-09,SanAntonio,Phoenix,87,94,1.5,1.5,203.0,202.5,loss,under
2007_08,2008-03-09,Chicago,Detroit,109,116,-8.0,-8.5,196.0,194.5,loss,over
2007_08,2008-03-09,Sacramento,LALakers,114,113,-14.0,-13.5,224.0,221.0,loss,over
2007_08,2008-03-10,Atlanta,Orlando,112,123,-10.0,-10.5,207.0,211.0,win,over
2007_08,2008-03-10,Portland,Cleveland,80,88,-6.0,-5.5,191.5,187.5,win,under
2007_08,2008-03-10,Boston,Philadelphia,100,86,6.0,5.5,195.0,193.0,win,under
2007_08,2008-03-10,LAClippers,Miami,99,98,-3.5,1.0,191.0,190.0,loss,over
2007_08,2008-03-10,NewYork,Dallas,79,108,-13.5,-13.0,199.5,204.0,win,under
2007_08,2008-03-10,Denver,SanAntonio,103,107,-7.0,-7.5,204.5,201.0,loss,over
2007_08,2008-03-10,NewJersey,Houston,73,91,-13.0,-11.0,193.0,190.5,win,under
2007_08,2008-03-11,Seattle,Indiana,107,114,-9.0,-8.5,218.0,218.5,loss,over
2007_08,2008-03-11,Milwaukee,Washington,97,105,-7.0,-6.5,202.0,201.0,win,over
2007_08,2008-03-11,Portland,Minnesota,103,96,2.0,2.5,189.5,184.5,win,over
2007_08,2008-03-11,Utah,Chicago,96,108,2.5,4.0,213.0,214.5,loss,under
2007_08,2008-03-11,Memphis,Phoenix,111,132,-14.0,-14.0,220.0,223.5,win,over
2007_08,2008-03-11,Toronto,LALakers,108,117,-12.5,-13.0,213.0,214.0,loss,over
2007_08,2008-03-12,Houston,Atlanta,83,75,5.0,4.5,197.0,193.0,win,under
2007_08,2008-03-12,LAClippers,Orlando,88,110,-15.0,-15.5,201.0,207.5,win,under
2007_08,2008-03-12,Philadelphia,Detroit,83,82,-9.0,-8.0,191.0,191.5,loss,under
2007_08,2008-03-12,Seattle,Boston,82,111,-17.5,-18.0,202.5,203.5,win,under
2007_08,2008-03-12,NewYork,Miami,91,88,2.0,3.5,190.0,196.5,loss,under
2007_08,2008-03-12,Cleveland,NewJersey,99,104,4.0,3.5,188.5,190.0,loss,over
2007_08,2008-03-12,Utah,Milwaukee,114,110,7.5,8.0,217.5,212.5,loss,over
2007_08,2008-03-12,SanAntonio,NewOrleans,75,100,-2.0,-0.0,184.5,185.0,loss,under
2007_08,2008-03-12,Charlotte,Dallas,93,118,-11.0,-11.0,203.0,200.5,win,over
2007_08,2008-03-12,Memphis,Denver,86,108,-16.0,-16.5,223.0,226.5,win,under
2007_08,2008-03-12,Toronto,GoldenState,106,117,-8.5,-9.5,222.5,224.0,win,under
2007_08,2008-03-13,Cleveland,Washington,99,101,-3.5,-3.5,194.0,192.0,loss,over
2007_08,2008-03-13,Portland,Sacramento,85,96,-3.0,-3.5,204.5,205.5,win,under
2007_08,2008-03-13,GoldenState,Phoenix,115,123,-4.5,-7.5,238.5,237.0,win,over
2007_08,2008-03-14,Utah,Boston,110,92,-7.5,-7.5,204.5,204.0,loss,under
2007_08,2008-03-14,LAClippers,Atlanta,93,117,-9.5,-10.0,197.5,198.0,win,over
2007_08,2008-03-14,Orlando,Miami,103,94,11.0,14.0,203.0,203.5,loss,under
2007_08,2008-03-14,SanAntonio,Detroit,80,84,-3.5,-3.0,179.5,174.5,win,under
2007_08,2008-03-14,LALakers,NewOrleans,98,108,1.5,1.5,208.5,212.5,loss,under
2007_08,2008-03-14,Charlotte,Houston,80,89,-12.5,-10.0,195.0,194.0,loss,under
2007_08,2008-03-14,Philadelphia,Chicago,110,106,-3.5,-3.0,199.5,199.0,loss,over
2007_08,2008-03-14,Indiana,Dallas,97,116,-12.5,-14.0,212.0,213.0,win,under
2007_08,2008-03-14,Toronto,Denver,105,137,-10.0,-8.5,219.5,217.0,win,over
2007_08,2008-03-14,Minnesota,Seattle,121,116,-2.5,3.0,200.0,198.5,win,over
2007_08,2008-03-15,LAClippers,Washington,109,119,-13.5,-11.5,193.0,197.0,loss,over
2007_08,2008-03-15,SanAntonio,Philadelphia,96,103,3.0,3.5,182.0,177.5,loss,over
2007_08,2008-03-15,Indiana,Orlando,111,122,-10.0,-11.0,221.5,220.5,loss,over
2007_08,2008-03-15,Utah,NewJersey,115,117,4.0,5.0,204.5,204.0,loss,over
2007_08,2008-03-15,Boston,Milwaukee,99,77,8.5,9.0,204.0,209.5,win,under
2007_08,2008-03-15,Minnesota,Portland,96,107,-9.5,-9.0,190.5,191.5,win,over
2007_08,2008-03-15,Sacramento,Phoenix,99,127,-9.0,-7.5,228.0,228.5,win,under
2007_08,2008-03-15,Memphis,GoldenState,107,110,-15.5,-16.0,229.0,229.5,loss,under
2007_08,2008-03-16,Dallas,Miami,98,73,14.5,16.5,196.0,194.0,win,under
2007_08,2008-03-16,NewOrleans,Detroit,84,105,-5.5,-6.0,186.0,186.0,win,over
2007_08,2008-03-16,Charlotte,Cleveland,91,98,-7.5,-8.5,195.5,195.0,loss,under
2007_08,2008-03-16,Atlanta,NewYork,109,98,2.0,1.0,202.0,201.0,win,over
2007_08,2008-03-16,LALakers,Houston,92,104,-4.5,-3.5,197.5,196.0,win,under
2007_08,2008-03-16,Seattle,Denver,116,168,-17.0,-15.0,225.5,227.0,win,over
2007_08,2008-03-16,Toronto,Sacramento,100,106,-3.5,-5.5,213.0,212.0,win,under
2007_08,2008-03-17,NewYork,Indiana,98,110,-7.0,-7.5,215.0,214.5,win,under
2007_08,2008-03-17,Atlanta,Washington,105,96,-7.0,-5.0,202.0,200.5,loss,over
2007_08,2008-03-17,Cleveland,Orlando,90,104,-7.5,-6.5,205.0,202.5,win,under
2007_08,2008-03-17,LAClippers,Minnesota,90,99,-5.0,-7.0,194.0,196.5,win,under
2007_08,2008-03-17,Charlotte,Memphis,80,98,2.0,3.0,210.0,206.0,loss,under
2007_08,2008-03-17,Chicago,NewOrleans,97,108,-5.5,-4.0,199.5,205.0,win,under
2007_08,2008-03-17,Boston,SanAntonio,93,91,-3.0,-5.0,177.0,177.0,loss,over
2007_08,2008-03-17,Toronto,Utah,79,96,-13.5,-13.5,218.0,213.0,win,under
2007_08,2008-03-18,Denver,Detroit,120,136,-6.0,-4.5,209.0,212.0,win,over
2007_08,2008-03-18,Miami,Milwaukee,112,106,-9.5,-9.0,197.5,201.5,loss,over
2007_08,2008-03-18,NewJersey,Chicago,96,112,-5.0,-6.5,202.0,200.5,win,over
2007_08,2008-03-18,LALakers,Dallas,102,100,-5.0,-6.0,205.5,211.0,loss,under
2007_08,2008-03-18,Boston,Houston,94,74,-5.0,-4.5,182.0,179.5,loss,under
2007_08,2008-03-18,GoldenState,Sacramento,105,122,1.0,2.0,229.0,228.5,loss,under
2007_08,2008-03-18,Phoenix,Portland,111,98,3.5,3.0,209.0,210.5,win,under
2007_08,2008-03-19,Denver,Philadelphia,113,115,-2.0,-3.0,218.0,223.0,loss,over
2007_08,2008-03-19,Washington,Orlando,87,86,-7.5,-7.0,210.5,206.5,loss,under
2007_08,2008-03-19,Miami,Toronto,54,96,-15.0,-18.5,201.5,198.5,win,under
2007_08,2008-03-19,Charlotte,Indiana,95,102,-6.0,-3.5,211.5,213.5,win,under
2007_08,2008-03-19,Atlanta,NewJersey,117,125,-2.5,-0.0,199.0,197.5,loss,over
2007_08,2008-03-19,Memphis,Minnesota,94,98,-7.0,-7.0,205.0,202.5,loss,under
2007_08,2008-03-19,Houston,NewOrleans,69,90,-3.0,-6.0,188.0,187.0,win,under
2007_08,2008-03-19,Detroit,Cleveland,73,89,-1.0,-1.5,185.0,183.0,win,under
2007_08,2008-03-19,Phoenix,Seattle,110,98,10.5,12.0,227.0,228.0,loss,under
2007_08,2008-03-19,GoldenState,LAClippers,116,100,9.0,9.0,218.5,219.0,win,under
2007_08,2008-03-20,SanAntonio,Chicago,102,80,4.5,5.0,188.5,189.5,win,under
2007_08,2008-03-20,Boston,Dallas,94,90,-3.0,-3.5,189.0,189.0,loss,under
2007_08,2008-03-20,LALakers,Utah,106,95,-5.5,-6.0,217.0,216.5,loss,under
2007_08,2008-03-21,Minnesota,Indiana,113,124,-7.0,-6.0,212.0,210.5,win,over
2007_08,2008-03-21,Philadelphia,Orlando,95,113,-6.0,-6.5,205.5,205.5,win,over
2007_08,2008-03-21,Memphis,NewYork,120,106,-4.0,-1.5,204.5,200.5,loss,over
2007_08,2008-03-21,Washington,Miami,103,86,10.5,13.5,187.5,189.5,win,under
2007_08,2008-03-21,Denver,NewJersey,125,114,3.5,5.0,224.0,226.0,win,over
2007_08,2008-03-21,Toronto,Cleveland,83,90,-5.0,-4.5,191.5,191.5,win,under
2007_08,2008-03-21,Sacramento,SanAntonio,89,102,-12.0,-10.5,192.0,195.5,win,under
2007_08,2008-03-21,LAClippers,Portland,102,107,-11.0,-13.5,192.0,190.5,loss,over
2007_08,2008-03-21,Seattle,LALakers,105,130,-16.0,-16.5,222.5,220.5,win,over
2007_08,2008-03-21,Houston,GoldenState,109,106,-2.0,-4.0,208.0,207.0,loss,over
2007_08,2008-03-22,Orlando,Atlanta,90,98,1.5,-0.0,213.0,211.0,loss,under
2007_08,2008-03-22,Miami,Charlotte,82,94,-16.0,-18.0,193.0,192.5,loss,under
2007_08,2008-03-22,NewJersey,Philadelphia,87,91,-8.5,-8.5,199.5,202.0,loss,under
2007_08,2008-03-22,Boston,NewOrleans,106,113,-1.5,-2.0,187.0,191.0,win,over
2007_08,2008-03-22,NewYork,Minnesota,93,114,-8.0,-9.5,198.5,197.0,win,over
2007_08,2008-03-22,Sacramento,Memphis,111,117,3.0,-1.0,215.0,210.0,win,over
2007_08,2008-03-22,Indiana,Chicago,108,101,-5.5,-7.0,218.0,218.0,loss,under
2007_08,2008-03-22,Cleveland,Milwaukee,98,108,5.0,4.5,200.0,203.5,loss,over
2007_08,2008-03-22,Seattle,Utah,101,115,-19.5,-21.0,222.0,218.5,loss,under
2007_08,2008-03-22,Houston,Phoenix,113,122,-6.5,-6.5,204.5,205.0,win,over
2007_08,2008-03-22,Portland,LAClippers,83,72,5.5,7.5,193.0,190.0,win,under
2007_08,2008-03-23,SanAntonio,Dallas,88,81,-4.0,-4.0,183.5,183.5,loss,under
2007_08,2008-03-23,Denver,Toronto,109,100,-2.5,-2.5,228.5,225.0,loss,under
2007_08,2008-03-23,Detroit,Washington,83,95,3.0,5.5,188.5,188.5,loss,under
2007_08,2008-03-23,GoldenState,LALakers,115,111,-6.5,-7.0,230.0,233.5,loss,under
2007_08,2008-03-24,Philadelphia,Boston,95,90,-10.0,-9.5,194.0,192.0,loss,under
2007_08,2008-03-24,NewJersey,NewYork,106,91,2.0,7.5,201.0,200.0,win,under
2007_08,2008-03-24,Milwaukee,Miami,73,78,8.0,10.5,202.5,198.0,loss,under
2007_08,2008-03-24,Phoenix,Detroit,105,110,-3.5,-0.0,207.0,207.0,loss,over
2007_08,2008-03-24,Denver,Memphis,120,106,6.5,9.0,231.0,228.5,win,under
2007_08,2008-03-24,Sacramento,Houston,100,108,-12.0,-9.5,197.0,197.5,loss,over
2007_08,2008-03-24,Portland,Seattle,84,97,8.5,8.0,205.0,201.0,loss,under
2007_08,2008-03-24,LALakers,GoldenState,123,119,-0.0,2.5,234.0,228.5,win,over
2007_08,2008-03-25,NewOrleans,Indiana,114,106,7.0,7.0,212.5,214.0,win,over
2007_08,2008-03-25,SanAntonio,Orlando,107,97,1.0,-1.5,190.5,190.0,loss,over
2007_08,2008-03-25,LAClippers,Dallas,90,103,-10.0,-14.0,190.5,189.5,loss,over
2007_08,2008-03-25,Atlanta,Chicago,94,103,-4.5,-3.5,205.5,207.0,win,under
2007_08,2008-03-25,Charlotte,Utah,106,128,-13.5,-13.5,205.0,207.5,win,over
2007_08,2008-03-25,Washington,Portland,82,102,-1.0,2.0,188.5,186.5,loss,under
2007_08,2008-03-26,Detroit,Toronto,82,89,7.0,7.0,212.5,214.0,loss,under
2007_08,2008-03-26,Milwaukee,Atlanta,96,115,1.0,-1.5,190.5,190.0,win,over
2007_08,2008-03-26,Miami,NewYork,96,103,-10.0,-14.0,190.5,189.5,loss,over
2007_08,2008-03-26,Chicago,Philadelphia,99,121,-4.5,-3.5,205.5,207.0,win,over
2007_08,2008-03-26,NewOrleans,Cleveland,100,99,-13.5,-13.5,205.0,207.5,loss,under
2007_08,2008-03-26,Phoenix,Boston,97,117,-1.0,2.0,188.5,186.5,loss,over
2007_08,2008-03-26,Indiana,NewJersey,117,124,1.0,-0.0,185.0,183.5,loss,over
2007_08,2008-03-26,Minnesota,Houston,86,97,-7.0,-7.5,207.0,211.0,win,under
2007_08,2008-03-26,LAClippers,SanAntonio,88,97,-7.0,-9.0,189.5,186.5,loss,under
2007_08,2008-03-26,Memphis,Sacramento,106,107,-7.5,-5.5,201.5,200.5,loss,over
2007_08,2008-03-26,Washington,Seattle,104,99,-2.5,-2.0,190.0,195.5,loss,over
2007_08,2008-03-26,Charlotte,LALakers,108,95,-6.0,-7.0,209.5,209.5,loss,under
2007_08,2008-03-27,Miami,Detroit,69,85,-21.0,-20.5,179.5,177.0,loss,under
2007_08,2008-03-27,Portland,GoldenState,95,111,-10.0,-12.5,209.0,211.0,win,under
2007_08,2008-03-27,Dallas,Denver,105,118,-8.0,-8.5,217.0,214.0,win,over
2007_08,2008-03-28,NewJersey,Indiana,115,123,-4.5,-5.5,218.0,217.5,win,over
2007_08,2008-03-28,Phoenix,Philadelphia,107,93,1.0,3.5,217.0,218.0,win,under
2007_08,2008-03-28,NewYork,Toronto,95,103,-13.5,-16.0,197.0,197.0,loss,over
2007_08,2008-03-28,NewOrleans,Boston,92,112,-6.5,-7.0,194.5,196.5,win,over
2007_08,2008-03-28,Chicago,Atlanta,103,106,-5.0,-4.5,207.0,206.0,loss,over
2007_08,2008-03-28,Minnesota,SanAntonio,84,99,-12.5,-12.0,186.5,186.0,win,under
2007_08,2008-03-28,Orlando,Milwaukee,103,86,6.0,8.5,207.0,213.5,win,under
2007_08,2008-03-28,LAClippers,Utah,101,121,-16.0,-16.5,206.0,207.0,win,over
2007_08,2008-03-28,Washington,Sacramento,114,108,-1.5,-3.5,203.5,206.5,loss,over
2007_08,2008-03-28,Charlotte,Seattle,96,93,4.0,2.5,208.0,207.5,win,under
2007_08,2008-03-28,Memphis,LALakers,114,111,-15.0,-13.5,219.5,216.0,loss,over
2007_08,2008-03-29,Phoenix,NewJersey,110,104,5.0,6.5,224.0,219.0,loss,under
2007_08,2008-03-29,Cleveland,Detroit,71,85,-7.0,-7.0,181.0,184.0,win,under
2007_08,2008-03-29,Milwaukee,Chicago,111,114,-7.5,-10.5,207.0,207.5,loss,over
2007_08,2008-03-29,GoldenState,Denver,112,119,-7.0,-8.0,239.0,240.0,loss,under
2007_08,2008-03-29,Charlotte,Portland,93,85,-5.5,-4.5,192.0,187.0,loss,under
2007_08,2008-03-29,Memphis,LAClippers,97,110,-3.0,-2.5,203.0,197.5,win,over
2007_08,2008-03-30,Houston,SanAntonio,88,109,-6.5,-7.0,174.0,174.5,win,over
2007_08,2008-03-30,Utah,Minnesota,103,110,6.5,5.5,208.5,209.0,loss,over
2007_08,2008-03-30,NewYork,Atlanta,109,114,-13.5,-13.5,206.5,204.0,loss,over
2007_08,2008-03-30,Miami,Boston,62,88,-22.0,-23.0,183.0,184.5,win,under
2007_08,2008-03-30,NewOrleans,Toronto,118,111,3.0,2.5,196.5,198.5,win,over
2007_08,2008-03-30,Philadelphia,Cleveland,88,91,-3.5,-4.5,191.5,192.0,loss,under
2007_08,2008-03-30,Sacramento,Seattle,120,107,4.5,5.5,215.5,216.0,win,over
2007_08,2008-03-30,Dallas,GoldenState,104,114,-5.0,-5.5,216.0,213.5,win,over
2007_08,2008-03-30,Washington,LALakers,120,126,-7.0,-7.0,209.5,211.0,loss,over
2007_08,2008-03-31,Miami,Indiana,85,105,-16.5,-16.5,198.5,195.5,win,under
2007_08,2008-03-31,Toronto,Charlotte,104,100,2.5,2.5,194.5,198.0,win,over
2007_08,2008-03-31,Atlanta,Memphis,116,99,3.0,3.0,210.0,208.5,win,over
2007_08,2008-03-31,Washington,Utah,87,129,-8.5,-9.5,209.0,210.0,win,over
2007_08,2008-03-31,Denver,Phoenix,117,132,-5.5,-5.5,236.0,235.0,win,over
2007_08,2008-03-31,Dallas,LAClippers,93,86,6.0,6.5,192.5,189.5,win,under
2007_08,2008-04-01,NewOrleans,Orlando,98,97,-1.0,2.0,206.0,210.0,loss,under
2007_08,2008-04-01,Philadelphia,NewJersey,108,99,1.0,2.0,203.5,200.5,win,over
2007_08,2008-04-01,Detroit,Minnesota,94,90,5.5,2.5,186.0,178.5,win,over
2007_08,2008-04-01,NewYork,Milwaukee,115,119,-8.0,-6.5,200.0,209.0,loss,over
2007_08,2008-04-01,Boston,Chicago,106,92,8.0,7.0,198.0,197.5,win,over
2007_08,2008-04-01,GoldenState,SanAntonio,92,116,-8.0,-8.5,209.0,209.5,win,under
2007_08,2008-04-01,Phoenix,Denver,120,126,-5.0,-7.5,236.0,238.0,loss,over
2007_08,2008-04-01,Houston,Sacramento,98,99,2.0,2.0,202.0,202.5,loss,under
2007_08,2008-04-02,Cleveland,Charlotte,118,114,3.0,2.5,193.5,193.5,win,over
2007_08,2008-04-02,Toronto,Atlanta,120,127,-2.5,-1.0,203.5,207.0,win,over
2007_08,2008-04-02,Milwaukee,Washington,110,109,-11.0,-11.5,207.5,209.0,loss,over
2007_08,2008-04-02,Indiana,Boston,77,92,-10.5,-11.0,207.0,208.0,win,under
2007_08,2008-04-02,NewOrleans,Miami,106,77,14.5,17.0,186.0,185.5,win,under
2007_08,2008-04-02,NewYork,Memphis,114,130,-8.5,-5.5,214.0,211.0,win,over
2007_08,2008-04-02,Minnesota,Utah,100,117,-16.0,-16.5,212.0,211.5,win,over
2007_08,2008-04-02,GoldenState,Dallas,86,111,-3.5,-5.0,214.5,213.0,win,under
2007_08,2008-04-02,LAClippers,Seattle,102,84,-3.0,-5.5,200.0,205.5,loss,under
2007_08,2008-04-02,Portland,LALakers,91,104,-14.0,-14.0,207.0,205.0,loss,under
2007_08,2008-04-03,Chicago,Cleveland,101,98,-7.5,-7.5,197.5,197.0,loss,over
2007_08,2008-04-03,LAClippers,Sacramento,98,110,-10.5,-10.0,206.0,210.5,win,under
2007_08,2008-04-03,Houston,Portland,95,86,5.0,6.5,183.0,178.5,win,over
2007_08,2008-04-04,Charlotte,Toronto,105,100,-10.0,-8.5,204.0,206.5,loss,under
2007_08,2008-04-04,Philadelphia,Atlanta,109,104,-2.0,0.0,206.5,206.0,win,over
2007_08,2008-04-04,NewYork,NewOrleans,110,118,-15.5,-16.0,211.0,210.5,loss,over
2007_08,2008-04-04,GoldenState,Memphis,117,86,10.0,10.0,231.5,229.5,win,under
2007_08,2008-04-04,NewJersey,Detroit,87,106,-9.5,-10.0,191.0,189.5,win,over
2007_08,2008-04-04,Miami,Washington,95,109,-16.5,-16.5,183.0,183.0,loss,over
2007_08,2008-04-04,Indiana,Milwaukee,105,101,0.0,2.5,222.0,220.0,win,under
2007_08,2008-04-04,SanAntonio,Utah,64,90,-3.0,-3.0,197.0,197.0,win,under
2007_08,2008-04-04,Minnesota,Phoenix,88,117,-16.0,-16.0,219.5,219.0,win,under
2007_08,2008-04-04,Houston,Seattle,79,66,9.5,10.5,198.0,197.0,win,under
2007_08,2008-04-04,Dallas,LALakers,108,112,-5.0,-5.0,207.0,207.0,loss,over
2007_08,2008-04-05,Orlando,Cleveland,101,86,-3.0,-2.0,197.5,197.0,loss,under
2007_08,2008-04-05,Atlanta,Philadelphia,92,85,-6.0,-5.5,206.0,204.0,loss,under
2007_08,2008-04-05,Boston,Charlotte,101,78,8.5,2.0,192.0,187.0,win,under
2007_08,2008-04-05,Toronto,NewJersey,90,99,3.5,3.5,202.5,202.5,loss,under
2007_08,2008-04-05,Washington,Chicago,99,87,-4.0,-7.0,207.0,206.0,loss,under
2007_08,2008-04-05,Sacramento,Denver,118,115,-11.0,-16.5,234.0,229.0,loss,over
2007_08,2008-04-06,Detroit,Miami,91,75,15.0,13.5,174.0,171.5,win,under
2007_08,2008-04-06,Dallas,Phoenix,105,98,-5.0,-5.0,216.5,212.0,loss,under
2007_08,2008-04-06,Milwaukee,Indiana,97,105,-10.0,-10.0,219.0,216.0,loss,under
2007_08,2008-04-06,SanAntonio,Portland,72,65,8.5,9.0,177.0,177.0,loss,under
2007_08,2008-04-06,Memphis,Minnesota,113,101,-5.0,-5.0,210.5,208.0,loss,over
2007_08,2008-04-06,GoldenState,NewOrleans,96,108,-7.5,-5.0,221.0,220.5,win,under
2007_08,2008-04-06,Orlando,NewYork,90,100,6.5,8.0,213.5,211.5,loss,under
2007_08,2008-04-06,Denver,Seattle,147,151,12.5,13.0,231.0,226.5,loss,over
2007_08,2008-04-06,LALakers,Sacramento,114,92,6.5,9.0,223.0,222.0,win,under
2007_08,2008-04-06,Houston,LAClippers,105,79,7.5,9.0,186.5,183.0,win,over
2007_08,2008-04-08,Minnesota,Charlotte,119,121,-3.5,-4.5,198.0,200.5,loss,over
2007_08,2008-04-08,Atlanta,Indiana,98,112,-3.5,-4.0,214.0,214.5,win,under
2007_08,2008-04-08,Chicago,Miami,88,95,9.0,10.0,181.5,185.0,loss,under
2007_08,2008-04-08,NewYork,Detroit,98,94,-13.0,-11.0,193.0,193.5,loss,under
2007_08,2008-04-08,Phoenix,Memphis,127,113,12.0,12.0,229.0,225.0,win,over
2007_08,2008-04-08,Utah,NewOrleans,77,66,-4.5,-5.0,212.0,210.5,loss,under
2007_08,2008-04-08,Boston,Milwaukee,107,104,7.0,8.0,195.0,194.0,loss,over
2007_08,2008-04-08,Seattle,Dallas,83,99,-17.5,-18.0,203.0,204.0,loss,under
2007_08,2008-04-08,LALakers,Portland,103,112,7.5,8.5,201.0,204.5,loss,over
2007_08,2008-04-08,Denver,LAClippers,117,99,13.0,12.5,213.0,217.0,win,under
2007_08,2008-04-08,Sacramento,GoldenState,132,140,-10.5,-14.5,228.0,225.5,loss,over
2007_08,2008-04-09,Boston,Washington,95,109,3.0,2.0,192.0,191.5,loss,over
2007_08,2008-04-09,Milwaukee,Toronto,93,111,-11.5,-14.0,205.0,204.5,win,under
2007_08,2008-04-09,NewJersey,Cleveland,83,104,-3.0,-8.5,190.0,196.5,win,under
2007_08,2008-04-09,Chicago,Orlando,83,115,-9.0,-9.5,206.5,206.5,win,under
2007_08,2008-04-09,Detroit,Philadelphia,94,101,-0.0,-4.5,185.0,183.5,win,over
2007_08,2008-04-09,Charlotte,NewYork,107,109,-3.0,-0.0,207.0,209.5,loss,over
2007_08,2008-04-09,NewOrleans,Minnesota,122,90,9.5,10.5,203.5,202.0,win,over
2007_08,2008-04-09,Seattle,Houston,80,103,-16.5,-14.5,194.5,192.5,win,under
2007_08,2008-04-09,Phoenix,SanAntonio,96,79,-6.0,-6.5,199.5,197.0,loss,under
2007_08,2008-04-10,Denver,GoldenState,114,105,-5.0,-4.0,240.0,238.0,loss,under
2007_08,2008-04-10,Utah,Dallas,94,97,-3.5,-6.0,200.5,199.0,loss,under
2007_08,2008-04-10,LALakers,LAClippers,106,78,16.0,17.0,208.0,208.5,win,under
2007_08,2008-04-11,Indiana,Philadelphia,85,76,-5.5,-6.0,209.0,209.0,loss,under
2007_08,2008-04-11,NewJersey,Toronto,85,113,-9.0,-11.0,201.5,202.0,win,under
2007_08,2008-04-11,Minnesota,Orlando,102,101,-12.0,-12.0,205.5,206.5,loss,under
2007_08,2008-04-11,Cleveland,Chicago,95,100,5.0,5.5,195.5,195.5,loss,under
2007_08,2008-04-11,Memphis,Miami,96,91,4.0,4.5,192.5,191.0,win,under
2007_08,2008-04-11,Milwaukee,Boston,86,102,-15.0,-15.0,197.0,196.0,win,under
2007_08,2008-04-11,Atlanta,NewYork,116,104,5.5,6.5,210.0,210.5,win,over
2007_08,2008-04-11,Washington,Detroit,74,102,-5.5,-4.0,185.0,189.0,win,under
2007_08,2008-04-11,Seattle,SanAntonio,74,95,-18.5,-15.5,188.5,182.0,win,under
2007_08,2008-04-11,Phoenix,Houston,90,101,-1.0,4.0,205.0,202.5,loss,under
2007_08,2008-04-11,Portland,Sacramento,86,103,-2.5,-3.0,200.0,202.0,win,under
2007_08,2008-04-11,NewOrleans,LALakers,104,107,-3.5,-5.0,212.0,212.5,loss,under
2007_08,2008-04-12,Charlotte,Indiana,107,103,-9.0,-7.5,215.0,211.0,loss,under
2007_08,2008-04-12,Philadelphia,Washington,93,109,-4.0,-2.0,199.5,194.0,win,over
2007_08,2008-04-12,Boston,Atlanta,99,89,3.0,-3.5,197.0,195.0,loss,under
2007_08,2008-04-12,Minnesota,Memphis,114,105,-4.0,-0.0,214.0,212.0,win,over
2007_08,2008-04-12,NewJersey,Milwaukee,111,98,-3.0,-0.0,206.0,201.5,win,over
2007_08,2008-04-12,Denver,Utah,97,124,-6.5,-6.0,229.5,226.0,win,under
2007_08,2008-04-12,NewOrleans,Sacramento,91,94,8.0,11.0,211.0,206.5,loss,under
2007_08,2008-04-12,Dallas,Portland,105,108,3.0,1.5,187.0,182.5,loss,over
2007_08,2008-04-12,LAClippers,GoldenState,116,122,-16.0,-15.5,217.0,218.0,loss,over
2007_08,2008-04-13,Miami,Cleveland,76,84,-18.0,-16.0,178.0,178.5,loss,under
2007_08,2008-04-13,SanAntonio,LALakers,85,106,-6.0,-8.0,195.5,187.0,win,over
2007_08,2008-04-13,Toronto,Detroit,84,91,-6.5,-5.0,188.0,185.5,win,under
2007_08,2008-04-13,Orlando,Chicago,104,84,4.0,3.0,202.0,204.5,win,under
2007_08,2008-04-13,Houston,Denver,94,111,-6.0,-6.5,211.0,211.5,win,under
2007_08,2008-04-13,Dallas,Seattle,95,99,8.0,11.5,197.0,200.5,loss,under
2007_08,2008-04-14,Indiana,Washington,110,117,-4.0,-2.5,207.5,205.0,win,over
2007_08,2008-04-14,Miami,Toronto,75,91,-19.0,-18.0,184.5,181.5,loss,under
2007_08,2008-04-14,Cleveland,Philadelphia,91,90,-4.5,-6.0,187.0,187.0,loss,under
2007_08,2008-04-14,Boston,NewYork,99,93,9.0,4.0,200.5,195.0,win,under
2007_08,2008-04-14,Chicago,Milwaukee,151,135,-2.0,1.0,205.0,205.5,win,over
2007_08,2008-04-14,Houston,Utah,96,105,-8.5,-9.0,193.5,189.0,loss,over
2007_08,2008-04-14,GoldenState,Phoenix,116,122,-5.5,-4.0,233.0,230.5,win,over
2007_08,2008-04-14,SanAntonio,Sacramento,101,98,5.0,7.0,188.0,183.0,loss,over
2007_08,2008-04-15,Orlando,Atlanta,121,105,2.0,-2.5,204.0,203.5,loss,over
2007_08,2008-04-15,Charlotte,NewJersey,108,112,-2.5,-2.5,205.5,211.5,win,over
2007_08,2008-04-15,Minnesota,Detroit,103,115,-9.0,-7.5,188.5,191.0,win,over
2007_08,2008-04-15,LAClippers,NewOrleans,92,114,-17.0,-16.5,198.0,200.5,win,over
2007_08,2008-04-15,Memphis,Portland,91,113,-11.0,-11.5,202.0,208.0,win,under
2007_08,2008-04-15,Sacramento,LALakers,101,124,-17.5,-17.5,216.0,217.0,win,over
2007_08,2008-04-16,Detroit,Cleveland,84,74,7.0,8.5,179.0,178.5,win,under
2007_08,2008-04-16,Philadelphia,Charlotte,109,115,1.0,-1.0,202.0,200.0,win,over
2007_08,2008-04-16,NewYork,Indiana,123,132,-7.0,-6.5,216.5,221.0,win,over
2007_08,2008-04-16,Washington,Orlando,83,103,-6.0,-8.5,204.0,202.5,win,under
2007_08,2008-04-16,NewJersey,Boston,94,105,-9.5,-9.5,192.5,191.0,win,over
2007_08,2008-04-16,Atlanta,Miami,99,113,4.5,5.0,187.0,187.5,loss,over
2007_08,2008-04-16,Utah,SanAntonio,80,109,-4.0,-4.5,183.5,185.5,win,over
2007_08,2008-04-16,Milwaukee,Minnesota,101,110,-7.0,-6.5,213.0,219.0,win,under
2007_08,2008-04-16,LAClippers,Houston,75,93,-14.0,-14.0,186.0,185.0,win,under
2007_08,2008-04-16,NewOrleans,Dallas,98,111,-7.5,-7.5,192.0,192.5,win,over
2007_08,2008-04-16,Toronto,Chicago,97,107,-3.5,-5.5,209.0,213.5,win,under
2007_08,2008-04-16,Memphis,Denver,111,120,-15.5,-14.0,234.0,231.0,loss,under
2007_08,2008-04-16,Portland,Phoenix,91,100,-12.5,-11.5,210.0,210.5,loss,under
2007_08,2008-04-16,Seattle,GoldenState,126,121,-11.5,-9.5,232.0,231.0,loss,over
2007_08,2008-04-19,Washington,Cleveland,86,93,-3.0,-4.0,188.5,187.0,win,under
2007_08,2008-04-19,Phoenix,SanAntonio,115,117,-4.0,-4.5,194.0,192.0,loss,over
2007_08,2008-04-19,Dallas,NewOrleans,92,104,-4.5,-4.5,193.0,192.0,win,over
2007_08,2008-04-19,Utah,Houston,93,82,-1.5,-0.0,188.5,184.5,win,under
2007_08,2008-04-20,Toronto,Orlando,100,114,-6.0,-6.0,196.5,196.0,win,over
2007_08,2008-04-20,Denver,LALakers,114,128,-8.0,-8.0,226.0,225.0,win,over
2007_08,2008-04-20,Philadelphia,Detroit,90,86,-9.5,-9.5,178.5,178.5,loss,under
2007_08,2008-04-20,Atlanta,Boston,81,104,-14.0,-15.5,189.0,190.0,win,under
2007_08,2008-04-21,Washington,Cleveland,86,116,-3.0,-1.5,186.5,188.0,win,over
2007_08,2008-04-21,Utah,Houston,90,84,-1.0,-1.0,184.0,183.0,loss,under
2007_08,2008-04-22,Dallas,NewOrleans,103,127,-3.5,-3.5,193.5,192.0,win,over
2007_08,2008-04-22,Toronto,Orlando,103,104,-5.5,-6.0,200.5,200.5,loss,over
2007_08,2008-04-22,Phoenix,SanAntonio,96,102,-3.5,-1.5,192.0,191.0,win,over
2007_08,2008-04-23,Philadelphia,Detroit,88,105,-10.0,-10.5,179.0,178.5,win,over
2007_08,2008-04-23,Atlanta,Boston,77,96,-15.0,-15.0,188.0,188.5,win,under
2007_08,2008-04-23,Denver,LALakers,107,122,-8.0,-8.5,230.0,229.5,win,under
2007_08,2008-04-24,Orlando,Toronto,94,108,-3.5,-4.0,202.0,205.0,win,under
2007_08,2008-04-24,Cleveland,Washington,72,108,-5.0,-5.5,189.5,192.0,win,under
2007_08,2008-04-24,Houston,Utah,94,92,-8.5,-9.0,181.0,185.5,loss,over
2007_08,2008-04-25,Detroit,Philadelphia,75,95,4.0,5.0,180.0,180.5,loss,under
2007_08,2008-04-25,NewOrleans,Dallas,87,97,-4.5,-6.0,195.5,196.0,win,under
2007_08,2008-04-25,SanAntonio,Phoenix,115,99,-5.5,-7.0,193.0,196.5,loss,over
2007_08,2008-04-26,Orlando,Toronto,106,94,-3.0,-2.0,202.0,204.0,loss,under
2007_08,2008-04-26,LALakers,Denver,102,84,-0.0,-2.0,230.0,230.0,loss,under
2007_08,2008-04-26,Boston,Atlanta,93,102,8.0,8.5,187.0,189.0,loss,over
2007_08,2008-04-26,Houston,Utah,82,86,-9.0,-9.0,185.0,186.0,loss,under
2007_08,2008-04-27,Cleveland,Washington,100,97,-4.5,-5.0,190.0,189.5,loss,over
2007_08,2008-04-27,SanAntonio,Phoenix,86,105,-5.5,-3.5,198.0,201.0,win,under
2007_08,2008-04-27,Detroit,Philadelphia,93,84,5.0,5.5,180.0,179.5,win,under
2007_08,2008-04-27,NewOrleans,Dallas,97,84,-6.0,-4.5,195.0,196.5,loss,under
2007_08,2008-04-28,Toronto,Orlando,92,102,-7.0,-7.0,203.0,203.5,win,under
2007_08,2008-04-28,Boston,Atlanta,92,97,8.5,9.0,191.5,188.0,loss,over
2007_08,2008-04-28,LALakers,Denver,107,101,3.0,4.0,228.0,224.5,win,under
2007_08,2008-04-29,Philadelphia,Detroit,81,98,-9.0,-10.0,178.0,179.0,win,under
2007_08,2008-04-29,Dallas,NewOrleans,94,99,-6.0,-7.0,193.0,195.5,loss,under
2007_08,2008-04-29,Utah,Houston,69,95,-1.0,-1.0,183.5,182.5,win,under
2007_08,2008-04-29,Phoenix,SanAntonio,87,92,-4.5,-5.0,199.0,198.5,loss,under
2007_08,2008-04-30,Atlanta,Boston,85,110,-14.5,-14.5,188.0,187.0,win,over
2007_08,2008-04-30,Washington,Cleveland,88,87,-4.0,-5.0,192.0,191.5,loss,under
2007_08,2008-05-01,Detroit,Philadelphia,100,77,5.5,5.0,178.0,177.5,win,under
2007_08,2008-05-02,Boston,Atlanta,100,103,8.0,9.0,189.0,188.5,loss,over
2007_08,2008-05-02,Cleveland,Washington,105,88,-4.0,-2.5,187.5,186.5,loss,over
2007_08,2008-05-02,Houston,Utah,91,113,-8.0,-7.5,181.0,181.0,win,over
2007_08,2008-05-03,SanAntonio,NewOrleans,82,101,-3.5,-3.5,183.0,183.0,win,under
2007_08,2008-05-03,Orlando,Detroit,72,91,-6.0,-6.5,187.5,190.0,win,under
2007_08,2008-05-04,Atlanta,Boston,65,99,-15.0,-15.0,190.0,189.5,win,under
2007_08,2008-05-04,Utah,LALakers,98,109,-7.0,-8.5,213.5,213.5,win,under
2007_08,2008-05-05,Orlando,Detroit,93,100,-5.5,-6.5,185.0,185.0,win,over
2007_08,2008-05-05,SanAntonio,NewOrleans,84,102,-2.5,-3.0,182.0,184.0,win,over
2007_08,2008-05-06,Cleveland,Boston,72,76,-9.0,-10.0,184.0,181.0,loss,under
2007_08,2008-05-07,Utah,LALakers,110,120,-8.0,-6.5,211.0,210.5,win,over
2007_08,2008-05-07,Detroit,Orlando,86,111,-3.5,-5.0,186.0,187.0,win,over
2007_08,2008-05-08,Cleveland,Boston,73,89,-8.5,-8.5,177.0,177.5,win,under
2007_08,2008-05-08,NewOrleans,SanAntonio,99,110,-6.5,-7.0,183.0,183.0,win,over
2007_08,2008-05-09,LALakers,Utah,99,104,-4.0,-5.0,215.0,214.5,loss,under
2007_08,2008-05-10,Detroit,Orlando,90,89,-4.0,-5.5,187.0,188.0,loss,under
2007_08,2008-05-10,Boston,Cleveland,84,108,-1.0,-2.0,175.5,180.5,win,over
2007_08,2008-05-11,LALakers,Utah,115,123,-5.0,1.5,210.5,211.0,loss,over
2007_08,2008-05-11,NewOrleans,SanAntonio,80,100,-5.5,-5.0,186.0,189.0,win,under
2007_08,2008-05-12,Boston,Cleveland,77,88,-7.0,-2.0,185.5,181.0,win,under
2007_08,2008-05-13,Orlando,Detroit,86,91,-7.0,-6.0,185.5,186.5,loss,under
2007_08,2008-05-13,SanAntonio,NewOrleans,79,101,-3.5,-5.0,186.5,186.5,win,under
2007_08,2008-05-14,Cleveland,Boston,89,96,-8.5,-9.0,177.0,176.5,loss,over
2007_08,2008-05-14,Utah,LALakers,104,111,-8.0,-8.0,214.0,212.0,loss,over
2007_08,2008-05-15,NewOrleans,SanAntonio,80,99,-6.5,-6.5,184.0,184.5,win,under
2007_08,2008-05-16,Boston,Cleveland,69,74,-3.0,-2.5,179.0,178.5,win,under
2007_08,2008-05-16,LALakers,Utah,108,105,-3.5,-4.0,213.0,212.5,loss,over
2007_08,2008-05-18,Cleveland,Boston,92,97,-7.5,-8.0,175.0,172.5,loss,over
2007_08,2008-05-19,SanAntonio,NewOrleans,91,82,-2.0,-4.5,182.5,184.0,loss,under
2007_08,2008-05-20,Detroit,Boston,79,88,-4.5,-4.5,174.0,173.0,win,under
2007_08,2008-05-21,SanAntonio,LALakers,85,89,-6.5,-7.5,197.5,195.5,loss,under
2007_08,2008-05-22,Detroit,Boston,103,97,-4.0,-4.5,172.0,173.5,loss,over
2007_08,2008-05-23,SanAntonio,LALakers,71,101,-7.0,-6.5,193.5,194.0,win,under
2007_08,2008-05-24,Boston,Detroit,94,80,-5.0,-5.0,175.0,176.0,loss,under
2007_08,2008-05-25,LALakers,SanAntonio,84,103,-5.5,-5.5,192.0,193.5,win,under
2007_08,2008-05-26,Boston,Detroit,75,94,-6.0,-6.0,175.0,176.5,win,under
2007_08,2008-05-27,LALakers,SanAntonio,93,91,-4.5,-3.5,192.0,193.0,loss,under
2007_08,2008-05-28,Detroit,Boston,102,106,-5.5,-6.5,173.0,174.0,loss,over
2007_08,2008-05-29,SanAntonio,LALakers,92,100,-7.5,-7.5,190.5,193.5,win,under
2007_08,2008-05-30,Boston,Detroit,89,81,-6.0,-5.0,175.5,175.5,loss,under
2007_08,2008-06-05,LALakers,Boston,88,98,-3.0,-3.5,195.0,191.5,win,under
2007_08,2008-06-08,LALakers,Boston,102,108,-2.0,1.5,190.0,192.0,loss,over
2007_08,2008-06-10,Boston,LALakers,81,87,-9.5,-9.0,195.5,195.5,loss,under
2007_08,2008-06-12,Boston,LALakers,97,91,-8.0,-7.5,192.0,191.5,loss,under
2007_08,2008-06-15,Boston,LALakers,98,103,-7.5,-7.5,190.5,193.0,loss,over
2007_08,2008-06-17,LALakers,Boston,92,131,-3.5,-4.5,192.0,190.0,win,over
